,condition_id,token_id,outcome,price,winner,min_incentive_size,max_incentive_spread,active,closed
0,0x9deb0baac40648821f96f01339229a422e2f5c877de55dc4dbf981f95a1e709c,14270523446080509320829200481895961480205553513304203367521919818541658424782,Chiefs,1.0,False,0.0,0.0,True,True
1,,,,0.0,False,0.0,0.0,False,False
2,0x5317986240be3ab100ccbebeb8213ab45d1f5c502e6da17e1c9b30f9c6dcb52c,112856288650667655013857354239294366111272834754068370340237314111424124768219,Yes,1.0,True,0.0,0.0,True,True
3,0x3d23087a0ed34ca1577afb1ae860714e9deddc8ff3cbfc5c15929c1472c59203,20492996617166017062175278506524441320525786101399791089815795223193644269098,Yes,0.0001,False,0.0,0.0,True,True
4,0x9831cf4e59285e5487e788d8a1435cb4753b9076a38512848ac1488348192f27,67301836300648827488886150283993448209143439372241617696200490831510066942724,Yes,1.0,True,0.0,0.0,True,True
5,0x92e46e922e9f87353535007c0e254ec43fc97c84a4a9a11a135d6c8d5c1ddf3d,31516658159749091294002641874775521581363766436343246251138419132667956781116,Maddalena,1.0,True,0.0,0.0,True,True
6,0x81d356ed5d42b84038a414187a8bb64afb597946c89c629220a98736bea25421,8906446780448623832893600210111371071244279387238615932903449715921300937001,Yes,0.0,False,0.0,0.0,True,True
7,0x2a5cf651ddefca0f57f09a3eee5e1ec7372012453deb8aeada73bd0e80710123,57069541293691464872739795149914974745895488382005475601197514215101185779756,Lakers,0.9693,False,0.0,0.0,True,True
8,0x4f036df28c705bf2e02318dac9e82fe3da62c682a238d37f16e389737dccafc6,78383847163528190035708608095701681360797858898215934742325379956281696898450,Yes,0.9979,False,0.0,0.0,True,True
9,0x7bc9c1311924e8dc2907dc00591b3d9528683f75924b99c436cca16dca39a28d,18701906317507298752028556213680793592795050346143743596744388137594776057836,Bulls,0.0002,False,0.0,0.0,True,True
10,0xe6837ecc9485f588af6858b0b307293ba1af60969fa386c59af2da8e37b1fd94,34481482853889239557635054125294223660163902387435233350481658461894480561203,Yes,0.0004,False,0.0,0.0,True,True
11,0x0de4ed9c811667ff9485e0f7aa3788a8db7c2147050f33defef2e2a302665433,45119618568427259556353873688243668201774394578145125280438548676993229690946,Celtics,0.0,False,0.0,0.0,True,True
12,0x3648ab7c146a9a85957e07c1d43a82272be71fde767822fd425e10ba0d6c0757,2006684570364241896555682377056547936147873475006821796350135481625081540323,Yes,0.0,False,0.0,0.0,True,True
13,0xd305baec7b9b2438d05e887dc84dbbb293a670ee443e541cbe888bfc5f1ba8dd,80317148485891539958670478226829607361073081528131995578326247003331251222905,Yes,1.0,True,0.0,0.0,True,True
14,0x4276d9db726fc5cd4e301087130b2d5b788d69eefaab55dd9bdb74028432ba6f,26277764470810345299003231733401105721055084599268283615195275932247963254036,Yes,1.0,False,0.0,0.0,True,True
15,0xe3c42f6d6223c0355d7183ce2405e8b2e2456c536049ace975ec9f0622032a28,111217048893715148157293144589148822103495183890716026407706555406529831978704,Yes,0.0,False,0.0,0.0,True,True
16,0x562a1c278fd84b9cd2147253fc9497ca07a616a59f7bc0c99966f321fa4493f4,54640934133536830902397330678975503905046193373389601769070372963866091231957,Nuggets,0.0,False,0.0,0.0,True,True
17,0x0caf5c072f5abb4fe484b569949a9e414dc73d0d1af81be5effea1c2a48e4833,48479984676432677557122491017951160228301130784207804545419686276865000611799,Cowboys,0.0,False,0.0,0.0,True,True
18,0xb2835b87edf84f35410ea3f67ab405eb23cec6b28a1a3cbb74d2121b2683bddd,75388453175673390925887192961877051339942627464791920979479914258685676338113,Timberwolves,0.0,False,0.0,0.0,True,True
19,0x9dd2a37809c893a30f08ec6aeeb64e7cadcc57fbcb5daf9f0eb24533064c0bce,91646825519638652024924938233183993113817051408588594977041410882710500489699,Wizards,0.0,False,0.0,0.0,True,True
20,0x9c4d05a5b1cec55d56626ede111048cb6c43ec8e8c777f794b605d33be0c82ec,105045584662682185685970556727114212674702864314804848740433640162087194646657,Yes,0.0003,False,0.0,0.0,True,True
21,0x7c97080dfbbe71bfa52ba51c82cb0cdfe47cd7b87842047c58647c8ff1d1fef4,36161990524808999529099890841186860907449767867066339846328156147773282747583,Yes,0.5,False,0.0,0.0,True,True
22,0xcdb5f97de6c7fa67609e5fd0545849b7b4e793fb8e0201848055e067a266b40e,11576521136575099849385883235663155833368306550321607714359007906075648349803,Spurs,0.0,False,0.0,0.0,True,True
23,0x861b87321dbad58c882e759cfbfa342220c046f744d7e33fca88c76163a80b8a,58556933860919823136363034858350137516783358604730966165576766857388929443670,Cavaliers,0.0,False,0.0,0.0,True,True
24,0x7bdbb78a104e7301cc9c6e0fef64bb5733c8fbe69ab8082cf26e227f91908ffa,66840793208895902134770756801876217714621927881254495944557040037466903434752,Guardians,0.0,False,0.0,0.0,True,True
25,0x93745569f8eae315ab44bbbd18488fd2d27e4186f46d8eaed06d8274149d0075,91062083114111419090146042256013828236846209012589195527260997553275751363870,Heat,0.0,False,0.0,0.0,True,True
26,0xf570dd1484dad512183817748d6507b17e16736ef91df40d05345e8e726f4df9,13109914525314007783369415104821535023801033353474231036967098629785285692162,Heads,0.0009,False,0.0,0.0,True,True
27,0xacb2aabc6f3fead7c19d52a2b82dc4438ba9589e1ff941da4622e59a4819e0c1,57799010478442185186541101940219441451580652511487999095465280793256099865060,Yes,0.0,False,0.0,0.0,True,True
28,0x7bb90b216f9686eeec780ca9cc89757080e613c3973ecfb64c7b6348d258ee1d,83397941921678775177683698896713734782694378595265047324995459758729944336733,Yes,0.0,False,0.0,0.0,True,True
29,,,,0.0,False,0.0,0.0,False,False
30,0xa6c757e355ebcaa746e4fd536c2569ffa351ae3e1cb5128a4b8ceb20fe3457f9,22538174636485934940027636373677582368107415722015463009710356520063913489587,Raptors,0.0,False,0.0,0.0,True,True
31,0x3960e6ba226b18e349a586703c942d334325f3c026d179a7bcf8a524edaa40f4,57965156656408802359577770578870325632966587434597313703831843903067339521534,Lakers,0.0103,False,0.0,0.0,True,True
32,0x3dd748f11097f1f4fe8c1adb5344360fd3ec2f0492d5eff1f1f2f0a2c15b2bba,81983093341191476262286143310663812867867275697167728942955235200118231569217,Spurs,0.0,False,0.0,0.0,True,True
33,0xdef4297663a67c326bf3eba80f74eaf6de133e73649eb31fb2f9007b77a6c4db,99560205050468630605733531253970693390389883242407639061855702452844865650446,Wizards,0.5836,False,0.0,0.0,True,True
34,0x8715043d46e61f2540e5d63288582a21ffe8ed735ac566211683802624de3a05,20665929052353072937598277467925056741715448248602136210995928171550484153000,Yes,0.0012,False,0.0,0.0,True,True
35,0x07d12a9048efaa37e41802960a3beae89344d666697c4d96bd83183d6ca98eae,62577363516805193119194888840720826506632929530060943950622802666644431782725,Yes,1.0,False,0.0,0.0,True,True
36,0xec8ac7ee6c07430720d094add42b65f9bb58eee4d50cf871eb283683266f0ce1,39289679472414837821583732143216494588121212380555769760833586790049952727976,Yes,0.0012,False,0.0,0.0,True,True
37,0xfe773f8e17ec4e757faf70567f2d85644e3611f2748392f46bb9329877db6025,14864690048411863509864136642933020552751693168334543712606679003596269883303,Yes,0.001,False,0.0,0.0,True,True
38,0x4e594a100e668efef3859b366d1c83ba4cc1a45b6f0344db0e7778e86f794632,112995906020160761789947914683892160209338292390000258553437017517303243885881,Heat,0.0,False,0.0,0.0,True,True
39,0x774f5c5c25f80dc03ad5aada57dd679e79e99ddc27ca1e18440c19b0082da427,43158910816044834978559493505015343723013202703172364548378828046523764499263,Jazz,0.0,False,0.0,0.0,True,True
40,0x7142a197a729ecdf239aebda93b0ad1002cc3379aa7638e535f4f52b0c49c0ac,79325337743161925757005263170268423430317894841280909418869516584840261903579,Yes,0.0,False,0.0,0.0,True,True
41,0xdd42e83a5365621cb1648d1d1d5f0b0b124dfa8def5dce21b6e1ae3ce0d6b81b,32047176487972589606935430145853663773018421907222986284805383820221449800098,Nuggets,0.0739,False,0.0,0.0,True,True
42,0x8f6fa8af6176b37ebd99317b6a9caf28ee61f29a807dcbd56074a01eb4d975b8,106522989057330725781727137109968308404342521445681659314101363937153135946454,Yes,1.0,False,0.0,0.0,True,True
43,0xf8fa60fa33aaa7394ff92cf195fcc45b2d5de4bac43fcb537e0323c9b64b4d01,56854778582279152963301831119080686371971576741615690358980536418756036606518,Jazz,0.0,False,0.0,0.0,True,True
44,0x8d4d93af5b60101fe62eed34c1bf224772c9eca08e6b20133464a63334d45385,50704207056736616228968863530974795238122824149643789058133772904215352005018,Seahawks,0.0,False,0.0,0.0,True,True
45,0x1409177eae7f1b0406bc0eea9d2715c9f76d88ec7765aed03cf39d59f36008f7,93161692958130071140707303038219679429250610405728840035276830076675494144291,Yes,0.0,False,0.0,0.0,False,True
46,0x1e28e73363c1a45a7ea8f4fffeacb82f315afa1a401d344a1b87627296ce28ef,65802362820020567329932154906104722382903008851403603648660735230391455112176,Yes,0.0,False,0.0,0.0,True,True
47,0xf7c7f26b211e1674fd0bba3011c93bdc926fe2e0ca958783bc7eb24b2dd08d0f,100609607625182382624193104548921774973445408678431158778514964996831797085537,Yes,0.0,False,0.0,0.0,True,True
48,0x8d7660da3088d01897bf73df65e73c181d74e1bcdcbe621f99ecce51ff626515,36764825915347157594036157173801405569203332753041751426269506219355355541575,Mavericks,0.0,False,0.0,0.0,True,True
49,0x5ef7d98e2b55953be12acc6aa5c13129bfef55a0e48b14ac0f479e08981f9bd1,102122366921728883686007723122183182680201356871652918420191682492250640822215,Yes,1.0,False,0.0,0.0,True,True
50,0xb01a3f1db2b9150eaa813faee68602887a61efd781ac7fbda2868ab5b8cd9e6a,65832068603837896051404624033637065024292179881289060451809853775685847177746,Strickland,1.0,False,0.0,0.0,True,True
51,0x09776586b8dc3f65cee05adb6e5c1f647dba76992c314a77d80a191cab6bb8c0,26430229334445961376968322516392779151001660223387778747930666455579577999631,Crystal Palace,0.0,False,0.0,0.0,True,True
52,0xc0f6fc1ef71052492781bf8f1614cb3e767fd4a71fc2f1dfd1899dbb195fefea,59807065909300685172612218308381429575745612931150980239075273322751866141474,Yes,0.9999,False,0.0,0.0,True,True
53,0x7b76dda87a490fe7fb793ba900c02685aaa193c75277c39f396121f902f9786c,36430544462570115479940657234002209450370604907241767679295768862183843744752,Yes,0.5,False,0.0,0.0,False,False
54,,,,0.0,False,0.0,0.0,False,False
55,0x53ce825c15da3e717559906a2e66823b89b4d402314aea2b1fb21d60b8ee2788,52281723055382920618855681333533600254171778687620613180438026468901421830056,Yes,1.0,True,0.0,0.0,True,True
56,0xb7e10f4e27c23797fea410d0ea486ff2c310caec82e88cb65eb0326f0b7ff8c5,52644003969251968869441622436463110626097607363533001723463307168427841907869,Yes,1.0,True,0.0,0.0,True,True
57,0xaa968e919537d995b648920cf7062e97ad1fa93448f83acbf66e83a188412aef,72143289102632285085208862379827798207830572094763850842218609344007568524853,Jazz,0.0,False,0.0,0.0,True,True
58,0x768603866bc5ce73836ccae47d72ee47cdd605d41320d3894ca41412f784d775,35557859467763341635362789570856827321272210357501754618844815551576922983291,Yes,0.0,False,0.0,0.0,True,True
59,0x0490fe6653f28e4bb6a9cf4b1c29dc1eb40b079a7482f5f101b5999f64329e67,103504657933698074185469401655587402623389713255905669605560633199646477626105,Yes,0.0,False,0.0,0.0,True,True
60,0x4d40e1d7849ae33e49a0fc4a18b45169e4456b684b0d584b4cc582a9fc4b7ac0,110809743739971564369615674270177617181939911976045928758113281138063773814652,Yes,0.0,False,0.0,0.0,True,True
61,,,,0.0,False,0.0,0.0,False,False
62,0x79b8f85909b60007ae1b688fcea76096f0396b74d46b518394b1d23cc4aace9c,44625820084319871920084345592053514019425050321031502882375859729394791327594,Knicks,0.9997,False,0.0,0.0,True,True
63,0x00b64a6a871db574b5ef8a9702437687ced76de894e086b1d3d5604feeaae586,9002767896513307433373760038953934858769604991808707205317638291339294953989,Yes,0.0,False,0.0,0.0,True,True
64,0x0ea37da314e0fd0b6abb8068db294c49ffa81774904e7758e9f2c933d1d29090,10748995181593457604578084084863969524423821326200131005262948389275614744679,Do Kwon,0.0,False,0.0,0.0,True,True
65,0x57867706b9da251c0eb72e208bfb77d0b5c457766adcb51b525b1a65b5e9c362,68201855214234134581281471754953756625866357572771588242023512777154689185134,Yes,0.0,False,0.0,0.0,True,True
66,0xd2db839bff0e5451bd9e918be44d51e7ff0156925532536f3e72f583bf691365,59296159884441737739435180130625919870851703985380506633887946837907970791512,Cubs,0.0,False,0.0,0.0,True,True
67,0x4aab2d93da5601dc0cff2d7f946d913469806574996a786c83e2bdb78e78ea3d,73850664060258272028027989457962903558432079609666921317027859844097566010027,Hornets,0.0,False,0.0,0.0,True,True
68,0x5aaf16f92e6f9b932cfb2fc5e76b4318b9a8505b4f94fd2b46806767811a6e2c,14082859048648738381851683424212524622368710741865751113505650631828824229381,Yes,0.0,False,0.0,0.0,True,True
69,0x506796c1fb3bbc85ca33427fcf8df6136896d9c4b7abec36e7b9a9e6b074621e,25701001948440085211847746191266626907443286230451819785215356975761105252268,Eagles,0.0,False,0.0,0.0,True,True
70,0x3753d85f9518471f0af3d0b77e85c574ef2ec8505b85c9940b6b5a364dc1b7c0,95196047910037192032083955889922659069395562121440270459358091711536943150180,Bulls,0.0,False,0.0,0.0,True,True
71,0x08fbe3be22b176f9fd7a915ccd5b23470d6671747a05a4500346897f2834113e,50543573631414368777068097718195199982611650330220913106287841507687662300122,Yes,0.0,False,0.0,0.0,True,True
72,0x5a0ff447289515c213a3e96f4d54397ac7c32795d6fc150934dfd60a447c6ef3,86834412828331039642937492979383895697721207131384454387465409530496400975580,Cavaliers,0.9976,False,0.0,0.0,True,True
73,0x44baaf9f4fce83be6fc27b1e8fd5f28cd5b948cd1bce4594a40d583f660dd383,109294243959697120712790200443603618068603717589182727622687212112242962250623,Broncos,0.0,False,0.0,0.0,True,True
74,0x7e2993407cc511025f35b0939ed82e30363e66492cc9164adfb2a2601595e4d3,25133410881087172940718001885475619856008709600480741631267304443855034740459,Cavaliers,1.0,True,0.0,0.0,True,True
75,,,,0.0,False,0.0,0.0,False,False
76,0x264185ffc9f9521fc80059c789bc258e7b52e6fc53e667a38d993caa969cf9c0,102051647939414695636916479284208418294956531538263944335993021134741577780694,Chargers,1.0,False,0.0,0.0,True,True
77,0x41190eb9336ae73949c04f4900f9865092e69a57cf9c942a6157abf6ae8d16c6,65818619657568813474341868652308942079804919287380422192892211131408793125422,Yes,1.0,True,0.0,0.0,True,True
78,0x852808d01707cfb05a7607de5c013b3032a233121feb9dac7e07f8a525d21324,22207013590997407050988861457787052567209556488918536459234680360317702922459,Eagles,0.0,False,0.0,0.0,True,True
79,0x2f58c48e45f1deae2522eb864cdf4cd7b92b91750c5cf269fb1b3815095371f3,80450717582987854903663627341076445240410169785553798547958695362234461082194,Mavericks,0.0,False,0.0,0.0,True,True
80,0x02ba76b36ffb6ec21751d270905a642769d1508c102b1275ca3fa46abd3a2710,84358536076794190566281282771045821073392632216347910120806230777130420551280,Yes,1.0,True,0.0,0.0,True,True
81,0xded6ca666cd3a200828571f13a98499c744f92d36f7069791ac520f3a9436d92,51809482284360564553298883322020771231569888227767691394709253027906421549137,Yes,0.0,False,0.0,0.0,True,True
82,0x2e6d778fdd50c156663f480135e25951ee12806ea431c57147fa5fee560ac984,83352528418430739958443625375606313874462991872146808840377835940031376324569,Thunder,0.0,False,0.0,0.0,True,True
83,0x2fc8e11dfde785c51787bd6436692c5d15604d9b056dea63e3a643f8cf2b5f1e,19428939696249473293521801154291420538934809100352952349856839588157809981408,Hawks,1.0,False,0.0,0.0,True,True
84,0xe8f643087de188c963d04434cfbdf89b867fc0e95823739daad6fbbed4f0f9a0,11035104291194787268692898561255766721479577900326511577902987823184631768771,Dolphins,0.0001,False,0.0,0.0,True,True
85,0x3784ea734e3886a167bf3d8de6b79290e2dcf57e71812f9db5cfe165936d3215,100299615833860717861695156210002025817496421474264537699755386813000932190489,Yes,0.5,False,0.0,0.0,True,True
86,0xea3fb1012ca3aeca9130378ae1213d66baf5b9257b497ab7128cc11c7cd8f2b6,79548980067537300003460966029042208358870424249141404999005167981471312427166,Bucks,0.0,False,0.0,0.0,True,True
87,0xe2f3f4b6d10cfd0ed288ed9d57c9b39a647f59236a7024f52cb798ad0e374afa,74301972082557881570468493456330516699234877713748220908274830422957549577149,Cavaliers,0.0,False,0.0,0.0,True,True
88,0x0edd67fcb3841fc3193a85bf07db0bf918d2b75fb1a4d33a31ad6f863646b9b6,72840109916708508075306103726330041307624736800034090380222501910470916480629,Yes,0.0003,False,0.0,0.0,True,True
89,0x98c01e1f5053e57fcb59add64b9c0f74ac784609b80ab1a8754e934878468310,58410023360445133337002742789209293559332988923893081558084399803488340569229,Yes,0.0,False,0.0,0.0,True,True
90,0x4f962e881c8f9c2fef18e8ba5fc142d8f66b0e3f8ed68a6ecbe5eb1da260e947,11714409342849351387756988183545851496850420798548445789998181252740156582506,Yes,0.0,False,0.0,0.0,True,True
91,0x7ac566f42640340864c61669d12089df95709b2b80caa7f05fd3146115c7b8e7,28037011176808467187164274242234888807910254610745460186409273510890033031494,Hawks,0.0,False,0.0,0.0,True,True
92,,,,0.0,False,0.0,0.0,False,False
93,,,,0.0,False,0.0,0.0,False,False
94,0x6013aa7243f1041e8416a35aa9adb9f9c7fc12bff5ecb9d93ffdcd7c2c2e7d71,43011227500433636504297277148920618759533236221972041276609749369036964501507,Yes,0.0,False,0.0,0.0,True,True
95,0xba0d63b2c45a3e8e267687ac01cff91445265534b3d719bd96f0ac964cc32f18,105376091957328597532972330635927616641185851592317675369421012588233981469543,Yes,0.0001,False,0.0,0.0,True,True
96,,,,0.0,False,0.0,0.0,False,False
97,0x9b03d90455c1b6bd684802a4d8353fe1eaa23bd26cac36a0873511125ce08243,11490032965207487679424217696984778628979644177307668274176262312489733829008,Yes,0.0,False,0.0,0.0,True,True
98,0x957317f0e45d7eab8b03741f44e3a60afb33c63b314e26f33eb179c747bb15d6,88614733039710120421186909144377177320748536097131524035161784071351495572603,Buccaneers,1.0,False,0.0,0.0,True,True
99,0x9412b855478d1dc1ba433a18de8bd082dc22b0c3a30c01f307016c2a07c11572,50840823040491579160844190313425221953810324677596615897772385992533441988174,Yes,0.0,False,0.0,0.0,True,True
100,0xc711d217e8668cee635079ef8ed17d4f2c22ebbdd11ff4ff2b04763b2579417f,27268697996056955290612273877011166912064472427911913541694233753465175786906,Pacers,0.0,False,0.0,0.0,True,True
101,0xcaf3c9c84568ed53b6ad167116029f40f49123d018c17fa6866f51ba3e875270,108431706848631459976433292757409048618223424107970521191343833730596246657787,Yes,0.0,False,0.0,0.0,True,True
102,0xec6402396c09097512cbf9ad9854700e076d8867331bffad45677476f14cdc15,4140599426638361332277250610467051568178963594684417690213696583362858550652,Yes,1.0,False,0.0,0.0,True,True
103,0xc03f3229164b28670a7a50439bfb5dd2bed2c50de508bc2ae0391d37b48d1810,99797325193940650293777738007974137011774368519432515326551017491100470628467,Yes,1.0,True,0.0,0.0,True,True
104,0x944bf7a9166c7ea9d1a2a34452d081a08ed30e7c0328657723f3947a6d0833d5,8041736696567182366989643314932952988295786435478162004317716815644007675622,Yes,0.0,False,0.0,0.0,True,True
105,,,,0.0,False,0.0,0.0,False,False
106,0xcda9f53a729a1d801a8a09f66de7da28e7138510990f307671b15be2e98a3131,67908395008857407053310683604888454672460509987622307919127361393828046740846,Yes,0.0006,False,0.0,0.0,True,True
107,0x95a9617675b07886da1849618f4151ffc74866ec5ba4c49b01e66a566e027ddd,62602984063332420429875852652214962107848324899315995508638006704694630568437,Yes,1.0,True,0.0,0.0,True,True
108,0x2c8432eb438250dd3f8a1f1610036d7b385a16e8cc28009052413825695c39ff,113555137334832360620619768862993889115018922414214403956767020376877794576059,Hornets,0.0103,False,0.0,0.0,True,True
109,0xdb6ec0db23cc48839cc7912f5253c4d7b57f861f11ae54aea8ff6ed1efb7e935,70276383073891790372982290479083607506460207562821394967086996435890136309777,Yankees,0.0,False,0.0,0.0,True,True
110,0x77b73053944b9ac13a7b1fd51245a5a56b9acba194ce687524b44a34ae1b9bf4,25140675381729615046898354236160034238487088000100572156404266930379742486628,Yes,1.0,True,0.0,0.0,True,True
111,0x5af58e632e2b88d9cd8aedce9b4a5b9c7457d11384f8c946c781652cbf99f92e,65282269914370464645420666442056603241072867785244904024898079344591365422559,Eagles,0.998,False,0.0,0.0,True,True
112,0x5844ea37c476f40ac08f622ce395e62a3f4e1fb4030f123113dc0b2871b5b9bd,23177480719943796959285926483910740106351266591664103746877937080970097925895,Yes,0.0,False,0.0,0.0,True,True
113,0x6617fba8404d05fc408345d8831e6f9e5b006f103dc6f37d4774336106aa045e,18693589081895873195910455096214475600640168817439978367203441518795732866210,Djokovic,0.0,False,0.0,0.0,True,True
114,,,,0.0,False,0.0,0.0,False,False
115,0xb64675e1b7d39a31c8eddaaf8b7fe4a7f18155ce64fb8d2b11cc142e4af3fc2b,62299540921210118298958149413742760326273363272552566639819689285295035429847,Bucks,0.0,False,0.0,0.0,True,True
116,0xa7ec429638204aec6d768bc2e7cc24c8276b3e5af40fca95858c9848c32e403e,65704149775735729568704480486804518728804893711185074977030921731160469713318,Yes,0.0,False,0.0,0.0,True,True
117,0x311198b7194c8eb1890df4d3a2e5171a313066bba76b0bdb431af757eeaf4e51,111350394483029570823157092176785817077270431134711686441545759038263842946639,Yes,0.0,False,0.0,0.0,True,True
118,0xeca68615d9cf454ef6c2f30f2c5c41a8e863ef7256b54c635691a163bf883e4a,8147558892181572544710142911425102492177857920868391666595167141771141459898,Bulls,0.0169,False,0.0,0.0,True,True
119,0x8091de39d7661f0515a50b16220bb081cbee44b463ebeae8300e8784f485e3d2,94262922367210385233982420462416184637643780054008225571292603466430454892502,Yes,1.0,False,0.0,0.0,True,True
120,0x99ba269df3e81aedee7938ffc5f4ca1ba3c53a8416bf18374e71609cd0911f41,76517854834314612623361934653862413753851935792655213595198667944661124324530,Yes,1.0,True,0.0,0.0,True,True
121,0xbe5522b50b59cae5645f01470783c2f502191d32ef9ecb6afbfd398be3d61711,23016510842466770097974730229527616107593577299501988997085814530508783850470,Titans,0.0,False,0.0,0.0,True,True
122,0x6252e8030bf93d85ef8b6354b1f463ffd27fd1da10755adce4167abaee563621,27564146384290809250159878551077999027405803301377733310402827304466189033077,Bucks,0.0,False,0.0,0.0,True,True
123,0xf20e1825339f7e4c0b8868176f7d1f876674a554ef838dbaf266814098887fc2,7159451925409748697249276641584040284266163813199393865973074577829835857018,McClellan,1.0,False,0.0,0.0,True,True
124,0xebc2c693e0b225d75cebe4695b10a23c618015668dfa7830e4bf52fa6a685798,28466589081327985675463181242090623680658034183364727144949943670485864325011,Yes,0.0,False,0.0,0.0,True,True
125,0xba660571ee8ced6fd2f31ef50802af4a6ebb77e2fcb4476e35a90c0b87dd4a44,91508026272475967677846291749770212655609068835200776224889083812872057827296,Ravens,0.0,False,0.0,0.0,True,True
126,0x88975f0c24f7b623bb6e157586958af54c2f2f3ef8454b514f9ab5a6e58d3001,36818632239136736577034045756945604347876867571848151598108847294000785583117,Pacers,0.0,False,0.0,0.0,True,True
127,0xa176093a98d710b81b9a4d0d57b151fd8c0053bf9796778358be5abea3085547,10825690345209246807546160516925956760607544137852513202681515319215358012773,Yes,0.0003,False,0.0,0.0,True,True
128,0x32997cb6bb6d8e3baeb1251bc147f18b1222ff667c58c33a17689f023b19c0ac,59381452544960843079299475675299411562227627070361947489134301009059320851431,Yes,0.0,False,0.0,0.0,True,True
129,0x75aceca47749cd399c510fcf0154704810deed782b05d3c32e0277100c933a9f,51088005724402597145781535433773790535581518117145743070797171694582939654899,Yes,1.0,True,0.0,0.0,True,True
130,0xa7d59b976c95cd0254b93eda3ead34c3fd5cd5dca9242d3165f1bac29949c8c7,31664707571584204940593177344054211441028987718480967318908683018296524356976,49ers,1.0,False,0.0,0.0,True,True
131,0x32d8a1812953f2c343f1575ef860e225b35d2328dd40a7dbe3da1fc850b18042,10040532451910520304003370682203881998047134278581475803430730290432780480171,Yes,1.0,True,0.0,0.0,True,True
132,0x92f60dfd954ecb34dbf081baf1d6183804fe91d306e30b8d72c2bc971ebfea40,92271512285005567864998593147562560674704790682828223412515623183096119343339,76ers,0.0,False,0.0,0.0,True,True
133,0x56649260dd1a5f12d5da4795de04c0c078a6db9733bb61c4668570ac4a5ac454,104906585444257086298787666037562493278207937570206654394588711862267616364418,Yes,0.0,False,0.0,0.0,True,True
134,0x5827a9ed1f6ea90f66d10c2d4aae4f5277259dc31e0f22e1c74d0616b79c0df1,110688092832798570409187329691055479345691095126859020525306483215449722925080,Yes,0.0015,False,0.0,0.0,True,True
135,0x1a691ea85d6b7e79c76d3c85a8a1069916d8e8629e4a5a9648e5287eb720999d,57357657719985918614097736650073817582694902394112402957684640874927392126396,Wizards,0.0,False,0.0,0.0,True,True
136,0x927b6c4df78f3a63eb467c10c84269683295d371ddcabec3a935f5b54eda9684,56636389357506935242498095027320554655181992641635583785246942862617925408078,Bucks,1.0,False,0.0,0.0,True,True
137,0x2e8291f8a108113f1218fa771d1a7ea8a532b0d651b6e01a3b81390a371fdad3,41742734655074676656005006823206328811769624134908338042883353825891864519466,Rockets,0.0,False,0.0,0.0,True,True
138,0x54bd39a293a524d4ecbb391ed056e5da80a95eb4d9ff5b35af1101cc48188751,18305502723317709192604760313348150424931333917074943556297172461415884491615,Yes,0.0,False,0.0,0.0,True,True
139,0xd9561e6a65152b99a312807d42d0f5f6cb5ef0114a8762e206aad5eee4a27e92,43784549050735909297470992941847758425203898650696363615058162310650732212601,Yes,0.0,False,0.0,0.0,True,True
140,0xcaa63af2d11fe8674db75998f1dcab162183821622e78be02d81ccdaeaf1cac3,20115340362483314314011364516395906276415474780889153937867835355327466837160,Yes,0.0,False,0.0,0.0,True,True
141,0xb71e1b508d0d5a78ace2df4f135852ae34199c029e95f22f7b0b4180d9a05a69,19347726168877965657342181780447261941256945040943148279233328049765326778472,Yes,0.0,False,0.0,0.0,True,True
142,0xbd9bf4a0942186d428ff2209f7ad707a7416f4bd5613d1e9e68e43bca0779434,17662189243116982720147788601614838864094098377023090028664832926590115477086,Yes,0.0,False,0.0,0.0,True,True
143,0x7ce4ccf36719db44a83d2f124249099cfd74f248ce9a1ca00c4e8cab278c1b1f,106710137064102369130506716479273051967244753151507524137603338078102814321652,Yes,0.5,False,0.0,0.0,True,True
144,0xbc5f22c2c387fd0de6fa46d3ee040420b2a304991b04a9d09b07a8020fa5e57e,105203267591812612694841693843435757918437360318968714283148124208686424989343,Yes,0.0,False,0.0,0.0,True,True
145,0x47a53b22a1aeabde0bc95539e5f4bc966d92202e24fa97bf7872e88f37af3b95,44724757328606394319522601684000136372921970111113240281009953050580483977011,Yes,0.0,False,0.0,0.0,True,True
146,0x9287b5377b76529a5bcfeef2d82848e20340d70f818f5be438371c33ad036c92,107754309707789193901261105278967201345561077546606796858573409567513389818812,Yes,0.0,False,0.0,0.0,True,True
147,0x6898b869f0bb1f31d309897956fab3437a7e82408cb91d4bfc888dbf52e259a8,84434372545159691527242186470863982198611208256471183237663485790939159450270,Yes,0.0,False,0.0,0.0,True,True
148,0x5ae4aa7e66e56e6c93ccb7fe9faced1640915623d35227e470c9b93111634c3f,9525585592971752487276318896758260919368850812679609050195771534688804468997,Yes,0.0007,False,0.0,0.0,True,True
149,0xe207e088c702b7d76147384ecd8942ecd7fe6a15237c570ca7b3c53a7618c122,22588560460612426477369602748566715288738918683336019681264097578902211597143,Yes,0.0023,False,0.0,0.0,True,True
150,0x5e2d7783eb70c34b0de72882bb310fa1f07c52d6feabbd395af85ac43ceec6cd,66705055520486035594152917599417241803410370428042790528062198116650211354854,Mets,0.0,False,0.0,0.0,True,True
151,0x34a73f45838f5f317e492a9ae48578d7151a468a3c050f19e154869e37175c83,73732057240322275743373096119372559036290179031624130735761385765967321908858,Yes,1.0,False,0.0,0.0,True,True
152,0xd93cb2d70e5e00e804ff2115f59aaed64cffe4af275264e9a629e1e4ad3dab80,26833757084348273199149103131128190314257933645647871320641517705324495047529,Yes,0.0,False,0.0,0.0,True,True
153,0xb20c3ba756abc73ac6511ed2441098c44c7a8ae49d2932e0c4991075a2e52c83,33775763876256098386830854188221823503144014831400886360516254186080031373982,Hornets,0.0,False,0.0,0.0,True,True
154,0x4cf73469e035c38eae6687d5afe40676b05f1bb062af2f4df36ac6786008b473,23542686870659682531900302552414455213259870605070978870251446885668194080328,Yes,0.9969,False,0.0,0.0,True,True
155,0x12a0cb60174abc437bf1178367c72d11f069e1a3add20b148fb0ab4279b772b2,10715043962341292242163832255523703116280692082153281340642602592290195499485,Yes,0.0,False,0.0,0.0,True,True
156,0xe10d50d9e49d0764ee1588622b9820552e957dc3e9565d1de00cc430ba267285,95257448072278975165026766032306542405251251264708396346058827912983378562776,Yes,0.0,False,0.0,0.0,True,True
157,0x5374183ab5a2925fda4e7ac2db4848499458224ce2d73c16d3f248951c80746e,,,0.0,False,0.0,0.0,False,False
158,0xeaaa1621fbb0b319e0515ca6c74da9ffa2c7435234b316072502b23c04004444,16743756446668198418161546459686092770971765469544638637589064152347281520658,Raptors,0.0,False,0.0,0.0,True,True
159,0x34cf158202fa1b5ef7353355c78abead09788c12d0dd3e48d1809429b91f0405,91188500144146969674317393403535392281299405529413287879534071053476116909342,Yes,0.5,False,0.0,0.0,True,True
160,0xee1ba8881abd51edda6623163207451fdd811c953eaf860d2a7c7fbdc74e41c1,57342722469478903377030905020718343009188899511439938144231975886682803218742,Spurs,0.0,False,0.0,0.0,True,True
161,0x4b69dbb9bcb9020a360b44906ae891022f7806fa52bc87fa1a8fa8bd840c1823,77339779978303184475157008971038288321556643748076713674340545289951643325920,Celtics,0.0,False,0.0,0.0,True,True
162,0x41d92ef0532a10cc302734a508d453b0e0596572a87a1e7cd26c3eb096af0389,62585191625355058678161495354541169048134991590981779660995984278786619776658,Pistons,0.0,False,0.0,0.0,True,True
163,0x885c30226079360dcf68f512aac7c23f55de554d968a33501f0c26a714be8aa9,1459643058020717472151859483162622063462097212797039064123535282468076143129,Yes,0.0008,False,0.0,0.0,True,True
164,0x897e27b5869cc669600b13a931177582378d83b7dff4190d1afb574f4ffc4a8b,14947846532519868181998873276877056560084896332095824584036742429394108521491,Suns,0.0,False,0.0,0.0,True,True
165,0x9601905222bfb48b61b505a251d645faf017a312ebc7ade4b447c3632b682910,45294955112737603056580554528642865247419070820371223043405848245481220227637,Raiders,0.0,False,0.0,0.0,True,True
166,0x1e7db4f6ca3919aa41887f9701605568da64287e1e1662aa7558a749ec61146c,105392100504032111304134821100444646936144151941404393276849684670593970547907,France,0.0,False,0.0,0.0,True,True
167,0x75f5b99f4d2ca1223cc41761ceb68dcc974acb39eeea93045b6a06bae03ca698,30129659905200866388642303794274729262835381859109268225252234568823515085591,Yes,0.0023,False,0.0,0.0,True,True
168,0x1c525ed9bc290ba011d9e249fbea051d2a8fd912628e6e3f56b2ba5ce3b1c361,8099422636983718831269822805077235757734049489013681006452864727280226315805,Mavericks,0.0,False,0.0,0.0,True,True
169,0xe4d3e91c7fa9bf0391fd77114f17a2a00d2fb23c4a9567c29d3dfe4746685a94,34128948498964939853102398325306155688257269216438090996977511798069281111048,Croatia,1.0,False,0.0,0.0,True,True
170,0x5a39c3109a14e6ce9154d74cb23a9834689efdbfbc22e436c25ed9c305ddb19c,93355814860318495484997535800604567125077225463893938140482950452536565110279,Yes,0.0,False,0.0,0.0,True,True
171,0x6a521500cd2c0494540dc059b3eb2f7fa5d2c91dc6f3756ba2aa7a3398aec42d,47964004584107225500321701776265303926067511500178575227907010687520299492312,Yes,0.0,False,0.0,0.0,True,True
172,,,,0.0,False,0.0,0.0,False,False
173,0xec4fbf081cf587efc4facf27fffbc85a9c588cf7108a8bf2689e238124444410,75763949814518394822523458980741561145981797066031821087395064496392435036396,Yes,0.0006,False,0.0,0.0,True,True
174,0xe023d544352833115f5c7a2bc89aba8216adf5bc91de4f59887f0fdc5a682784,54183509765298175804953169181694278231007853239508428409398888321719986478377,Yes,1.0,False,0.0,0.0,True,True
175,0x0e2e0daf4bd99e12d1ef7f4b5409e50aa1111e006a6a2b538ea3b31287f46759,28751449130778274410846639334728311085824681864411079618339288081485173284401,Yes,1.0,True,0.0,0.0,True,True
176,0x60d28a2c6460dd71bfb814e9fe480deab47ab0f3bbfa9a707a42668bbd716d21,53454701104877352421982745579109019650037853347303617511112867534712496498835,Yes,0.0004,False,0.0,0.0,True,True
177,0x1bdd0e463f0cf033656b3695164a1ccbb5d355f72a7b26f4c2f4df5f7d287834,82496067990030323147300552916532907235012681118008350513165922905812880304349,Yes,1.0,True,0.0,0.0,True,True
178,0x665b3ebaad5140dd834a56d90a222ee5a736d750e213b0904c0e1a40ffd307f8,28349163742840491266325329359275686267463409471244237386207663094142968040727,Yes,1.0,True,0.0,0.0,True,True
179,0x5f775cfb745ffb17eb91539961d5cbd2f4ad415ce96f26d3ea56d7220a54df32,112737777737241499194838771598738928732681076811134491499044597562276104822535,Yes,0.0,False,0.0,0.0,True,True
180,0xfc55d0b27397a87efb800bb02f5bae53374b27c981801bde5ee136dcfb434ccf,105070546664320805300586278774686962463580178059055738967096564526466495062318,Yes,0.5,False,0.0,0.0,False,False
181,0x9be4915ed263c3cefe52e999cdbf2ada9aa3f576bdd6d0f55369b59b43e9e381,24734312942662095026495086940168456535490339328151697591402803254654762775362,Yankees,0.0,False,0.0,0.0,True,True
182,0xbeb85a058fb66a783aad6343993777e39a728ea8fc922f1117f084acd8517065,66437162822016987281584121914259626167281493515331952067616187914858717823352,Hornets,0.0,False,0.0,0.0,True,True
183,0xb588de0af8c3bfaeda2c5d27892486e2e67aa5a354762cd8fac54778ab0fafbc,53054702990824026515635025141130655713888479255438091772082546622829618485575,Clippers,0.0001,False,0.0,0.0,True,True
184,0x02e2365ebb79833ef9c33709ecd9f15544dc6c6d2261cb4a9453821ac7bb92ca,5431027315743907773170356781800281564120534874188056565529282291486259765672,Yes,1.0,False,0.0,0.0,True,True
185,0x64aa7fc8f80c4826391bb14c5d2502e2aa601d3bbc520bbb8124a93bd10712c1,12762730256869532503721525343123608234474085154860494286421122188945501314281,Pelicans,0.0,False,0.0,0.0,True,True
186,0x9a5886d03aac3e5f760018d718d7278504c9dfe11feb92269199305c4c9d10f8,88134997955279123735665227089864967901640467302952751888155555164728423117246,Bucks,0.9798,False,0.0,0.0,True,True
187,0x0d1d6af3625d05220220baafb41617599b84b2a091933e69ae06b8df2963b425,51071458988637756640972704210096837794718374868196859364252520265465368337030,Yes,0.0,False,0.0,0.0,True,True
188,0x77d4a177ef2cd46573688aff848797473390923797abf3538eff8a25f55bb988,97148386034581096420023792883770507501632739747402347174442155047777004957710,Yes,0.9999,False,0.0,0.0,True,True
189,0xcb20438a93959f3669740b002e492ecb82da7cbc2932fb27e42c633640a71aa3,109788059842568706318807034608580963960504955414543136454013643327356714299770,Kings,0.0,False,0.0,0.0,True,True
190,0x1b972f0777adbec4801007ed3552b8aba5dcd0e942160e06f1cc68d3cf87eb53,57062989184739760647440405657866561610125609533309064522609506416436434406410,Yes,0.0005,False,0.0,0.0,True,True
191,0xab38bcd9f008428d37d2af324eaa6d6e0313f5975ffb025094bfa3a46a284938,23383062548507814198621277327580301535907085411073641537324460875671930764183,Hawks,0.9793,False,0.0,0.0,True,True
192,0xcb22dd333cdb6834dfd97b366862986ca46130c669198a4dcff3ace532efc278,24077959108372724923679539739402566068788427716317643443218188102902639005834,Giants,1.0,False,0.0,0.0,True,True
193,0x092baf9fe8fe1112ab16ea858c991c609adb713b242606a0aa886bb620965e02,16822006860635335075089335207049009234727717536318538849711041130780797242125,Yes,0.0046,False,0.0,0.0,True,True
194,0xb58ae061dd6675f1d7974726e7de842c978f0e8f6e3cfb6ebfc71bfdc69808d6,7372259546764531610487707181263897970422739281911337843415527884747656120730,Patriots,0.0,False,0.0,0.0,True,True
195,0xe5a029f42e1618ae415779db6d380514328039ee78248708b6f0f952e8cc4b73,112991206871694216194954407313251622320157883708539327477262870678176165145190,Nuggets,0.0,False,0.0,0.0,True,True
196,0x7538baf5efd8ea24312c9b8ac57da63b4b6859e5364141b9bc60f7e9c039f365,78298558026463480792663047021827504829696816951396082629793487395081384215759,Yes,0.0,False,0.0,0.0,True,True
197,0x95d130a3b6f15fa3f90ce2576bb13e40bfc0abdf92ada4819c3cd53cce94e1b8,44410223134538372855749297846022148180339814105925660101383408944923318545598,Rams,0.0004,False,0.0,0.0,True,True
198,,,,0.0,False,0.0,0.0,False,False
199,0x055176c9ebd8775c281ad540d5c16b3323e316507aef2d45c84f061cbc6bbcdc,96608690015534549481981139148848533486469138671280945937552552577172448128011,Red Sox,0.0,False,0.0,0.0,False,True
200,0x9bea26c852102a50ed736d54504de4683481bc89e2285ee7a52c890ec2e38e07,12960275576607793729646661472620486834369148340338148471631429834254768141476,Celtics,1.0,False,0.0,0.0,True,True
201,0x9ea0c01255e588cc416ae45e0f9a5693ff4841cadb9c497ff26a509b6229442b,48328759414714880574318726121896003005916394784276988820613440547137427466236,Mets,0.0,False,0.0,0.0,True,True
202,0x12a4c548419096332e40507de4844ebf46d06b4ed39410c63a6e25a7baf66294,23511806487088208015955922415830486460738576165205267414208238011027266428530,Clippers,0.0,False,0.0,0.0,True,True
203,0x2e32c462c385f12cca2a6c62d0b6ed4e6eb9d84f0c7aa479fcc96de7870f09cd,45204145066587747399268995700326032923502757691441796778036793778851166121471,Even,0.9983,False,0.0,0.0,True,True
204,0x62183cd6b474de53be4c710b53703d00969dda05f73fadf8f19d5569be2a0a7c,31071372880059768717734430452508859060100599609849918960770304754836720327,Yes,1.0,False,0.0,0.0,True,True
205,0x63607be55aa8f3889941dae30af473a39f4c40939a5ebaf8fe62618f45444689,55304135774292744806657624155964107126968572332864842078386581552257418223318,Ige,1.0,False,0.0,0.0,True,True
206,0x5cad07ed712bb61487ee209f14bea3da675c3c1c24ab4c8eeaca4ac60e545f9b,1051908559003526187083648337918359820850151043235023787651517291496231658995,Giants,0.0,False,0.0,0.0,True,True
207,0x3a8aae15dc66deeac45803e47583a1eeaab9a64a14d52a4b2bd74389f339b4d2,88010097064237810967023151177551985308205079454925162276839916738039451275722,Bucks,1.0,True,0.0,0.0,True,True
208,0x8e42f4d01c84d5d8c58c2e8e0ad10501fbbb5252376d155e477ea3615f577f83,6111361601081289081940958727663357692818295555285339128461400747195998740562,Bulls,0.0,False,0.0,0.0,True,True
209,0x1b804476264430dab04c04631e68193dbcc18dd2c2a5db4500f917045f20a4ec,115561635104714436100215748865072575686018670437829613450655887482514153297143,Wizards,0.69,False,0.0,0.0,True,True
210,0xc27fc10fe7d24c1fb22607a15b90f26c116dd08a2e96ef7becdad894cfd9ee89,102894439065827948528517742821392984534879642748379345137452173673949276014977,Yes,0.0,False,0.0,0.0,True,True
211,0x80dcb010ea53350c0a67f018c861d11239e5638de7d7c779510a7177cf1a1974,35392040364993642990738117435106346842811851597388193850514007823217284880182,Bills,0.5,False,0.0,0.0,True,True
212,0x37a9d3e59ab4bd3c622f74207d2179dc21a00a648a8bd98a64739a3a720c643b,68034208601303513670594201700259533828530054343282902539294658202372121720788,Mets,0.0,False,0.0,0.0,True,True
213,0x7e912d337aec54d321a4d415bd05e5a6676c3f04617f07def1281be7e0af3e91,26174674438429794193834912492739683499712017911436124046705415717174721343905,Yes,0.0,False,0.0,0.0,True,True
214,0xa4327fa7fc306ac5bcbb7ad564486b2bc303e37afff4ba03830b92bdec7af969,73950267659809788179116099742757144480677506827980903019633755837215978435254,Yes,0.0,False,0.0,0.0,True,True
215,0xd54318ef289bf2ba5e9e59ef9e0cff30392d144ba6dec7a0dd1154f490c62930,10291322031101539701674945852173223859727198267487942965058814626883691021623,Warriors,0.0,False,0.0,0.0,True,True
216,0x96b9d9687b28272b7b65e801da42a0ba0353961109efebe12509dbd05a79cca9,24676482804844240454786470186852776526545666673623835743175088959202092287129,Yes,1.0,False,0.0,0.0,True,True
217,0x51ac91b122802b9a904011bfd1a43c5252c0d355ba5e93f861e1933a7b2dcf65,110675473395779635429318181350500506214262289160204832015445270684832208114098,Clippers,0.0,False,0.0,0.0,True,True
218,0x590169f12fbb2c00b4735c1aab4f406cc635ac7139dc739372f47ffc7004ea66,80290798465146696141993589845468584666432906960794900220166403416725326680712,Djokovic,1.0,False,0.0,0.0,True,True
219,0x6b3751822822bf12e650c2920db73d7e2066792127d7ce69b7f684ed3e496aaf,56609540568932168086366129960156742894313098733400417277083261062927714065926,Dodgers,0.0,False,0.0,0.0,True,True
220,0xee648b8089c91a3e9189ca202a386814e3ea0d00b15596706419e715141679ce,69912669198603101688899229770943607112632607930024815034098368969961920386734,Spurs,0.0,False,0.0,0.0,True,True
221,0xcd6a2a85f5c315e177dbf50a53efae3a9f2d62ab453390c68c29a60e2b0cec24,12551043438246240369738587419394129778672843864672304543898157311298964945549,Yes,0.0,False,0.0,0.0,True,True
222,0xb5858726a0b48b44465ee6c6d0d8fc913bde224ebb1045a537a687cfe1171222,3854028961966046605980069255334402052447887445769771059116269182001114272326,Yes,1.0,True,0.0,0.0,True,True
223,0x55e3270f9e92737911dd03116513fd13c6236e40a62e8902dccebb9d683949cf,53198442460335364129087247907690323526183839262482037434018684460990358294545,Bengals,1.0,False,0.0,0.0,True,True
224,0xbda3f736ff25461f6797e1ec1126a30f00255cf212c0ab25338816dc09e2a00a,109383107542828156465613740695051648648858693838770197092489611040401867500889,Yes,1.0,False,0.0,0.0,True,True
225,0xd2efb83b2e249770d2c7b2efbe5cb46d009e233a77d400285a3c49670254cb9d,59122697133926703315223288634682924393830675427837137855440958463919524452650,Magic,0.0,False,0.0,0.0,True,True
226,0xb02585633d49910a9bc6493c515d38224af9e4ce6784b86fc18ef4933751fa44,91716382262830102122629104740896980380303719834884169141531546090947484578960,Yes,0.0008,False,0.0,0.0,True,True
227,0x6a6ca5cb80b453e178af19c2dc887dd6f8ff4e4884daa61935c3711a6c09e83b,87478238843962372955942642067463731884279746362588126171058056558772239734230,Yes,1.0,True,0.0,0.0,True,True
228,0x1c01c14696024ceb131fe098a5869c0fd8e791521ddcb954fdc2926a5224146c,100738575106193350762365924317958040663777579546786926740825477713384398818828,Yes,0.0007,False,0.0,0.0,True,True
229,0xcf98c438e75dc4fdc25b1e48de23adffdc4a15be9cc89f5b73721198820820c1,38533708059183496482396436337628663016977781241069578366354949231739219895465,Suns,0.0,False,0.0,0.0,True,True
230,0x69d110a0dffd6cbb27a13394b4c213ff2559e6cd2b3e40f7618bd233afbab5d3,37467393793870216551696405777887476755411553063234773578246172326723370667995,Yes,0.0,False,0.0,0.0,True,True
231,0x8522f1ccbfc3ca142dba6581e9a03fe19878bd9dbf63c14c852af646e3cec0f4,7101536719998561572123250745174727974094206691994889211382733834797697725032,Jaguars,1.0,False,0.0,0.0,True,True
232,0xb4ca5ab11a401f621052b4ee098202a24650895a9e60d5fd7b4151e9b94bbe09,62539255451654940140508513770103528332137371714700471455610181738416474091864,Yes,0.0,False,0.0,0.0,True,True
233,0x5e816bab6a20066537fb762d4a38d83723e9e677a86e1e337142b12e87978e7c,54776073602408079957025530097272434949418288863327165190526144328321707887220,Yes,1.0,True,0.0,0.0,True,True
234,0x6f4abfca61802339cdb687ba1fd6f3f4e5b651553cc3e588c14864935b919c3c,75511560770817300470769927283654954981362963507802261481416591517486293281201,Eagles,0.0002,False,0.0,0.0,True,True
235,0xe17a0a6cf7ba8037e7ff4d21aa52dad1225ceb688e5d7634581a33d470231b8a,80199677557395360296324475529876249074210649088740142116557046384871133150134,Celtics,0.0,False,0.0,0.0,True,True
236,0x40821ece7cc6d2c472c92beb6b44ae23cb9fcfa2c937a815d2755a17f94588a8,3672138123119395060568279713729229768325544227071930438034786349667420787861,Yes,0.0,False,0.0,0.0,True,True
237,0x3686edd03e22e725f6b976867992d997a76b6a824d801e90dd535a765525b62d,75988068389760042903591446591538099438562778855499430143350291630307115295816,Yes,0.0,False,0.0,0.0,True,True
238,0x4c7a713ec1b1940067c1a3df8e4069188a0147d62d7919a6175bf8a14e8c2bb5,110113635134798625574870748692083119759502066344942504030837677569746599499448,Yes,0.0,False,0.0,0.0,True,True
239,0xfa8d3b5d502aadbe20ac09fb8f98b79df2ebacf1e8a2bb015881c1e621db197c,107603946325450022226460221882658210262786488062741438163850968257311959550951,Yes,1.0,True,0.0,0.0,True,True
240,0x8dbd92fdfaa32336815db6973720f327f000a3e39fb9f2933ca00e46e21c2ab5,31363685416384543530663919338721289681459484979791822111484515221847593381245,Yes,0.0,False,0.0,0.0,True,True
241,0x069e4a36a50972cfb19800b373ff6013eb311c5db70ac18ce9970a5f9ffd617f,30724350426664936219265414656870586951199488588995870716360921518394717460090,Celtics,0.0,False,0.0,0.0,True,True
242,0x00df943d710d2875e0c73b1d5ee33885d97831a51748819aee9b11c8a84f2774,51623468901331114256978022861574794579186031482980884789775983427930188375445,Yes,0.0,False,0.0,0.0,True,True
243,0xdcf5584a220ca90d1f2808618d7de9dd95fc02933d142ec14681adadd10b4dfa,43193325459198274796642029321449158178889308996403104719004334913744573052925,Yes,0.0,False,0.0,0.0,True,True
244,0x3c1b76f77f93f19371d3df801047c0fba2e6ca4c4bd489dbabea990ea68f8941,55587534433102763859032443585846918727132208718352714378810158969375734322181,Yes,1.0,True,0.0,0.0,True,True
245,0x0da3bb900632c5dfa0dcda6df806fc2b84862bb1820a141f9a22e0fcf27c8d55,35135409348165296533425769152169889177123033197141413836854440313087551126988,France,0.9997,False,0.0,0.0,True,True
246,0xa00a22b16d602abf9ed695404df68a71ddd4ef05573bf9590de4f0fccf096c93,43232097181918994738032241755006123258571385315939394755006203919277954135565,Yes,0.0,False,0.0,0.0,True,True
247,0xfcc2fc081d8c97bc3839c061566783e17d34b2e1b14fc5368b6e785b3593b45f,85452301668193178619705061919995037432447888063969337198247521596284610973839,Heat,0.0,False,0.0,0.0,True,True
248,0x477a045e9894a24a46bf7ee66cfdff136a3354806d38f09e30f3c638d01aa54d,49060501075607855586161654899390661674347113637206178487124127851580203134391,Suns,0.0,False,0.0,0.0,True,True
249,0x9f4528ac26f2b4921fb2d8bad9ceaed81cfb401ccd356ebfe6d6b2d4d8918462,16653179683321958276217807954193657616120960367133857220836964595221784015733,Yes,0.0,False,0.0,0.0,True,True
250,0x9362ec7d24e06d326bb193d4d22f7d65bdd15b423afe242dc85c8103fd822404,32953190650490626719383000871533221289192210456474425874962397482243075916240,Pelicans,0.0,False,0.0,0.0,True,True
251,0x360645970294052a2e7e8e33e2f6190465f800631d6916d3b5d54670cf471050,17365165028299207887279069903251172533743836120669440352742625000547830130474,Jazz,0.0,False,0.0,0.0,True,True
252,0x0ce5e4c60480605f22701180b8e9322952ca4075e321771eb756d53aed85e9a8,54376778741683480050550946809771489751183901510562630512206908735602714303892,Yes,0.0,False,0.0,0.0,True,True
253,0x29a6590ab1d56750f4dea68314251517282d66b39a40f1b8f090658d96a82fea,12547553781164072723334035202200293365327505995532732025618047425377093691263,Yes,1.0,True,0.0,0.0,True,True
254,0x6990d6e01dfb025b5dcfb14314a2a416f3fdbe0009dfbfc930bfa2c1d6b176bd,28475777190884731651263443494542210710874883643472548255301416777569646978415,Yes,0.999,False,0.0,0.0,True,True
255,0x33a7545297ab2dce2b8f233f5130d40b4369b7d03fc1d503f28ffc29c6c4399e,67165043070450991884084039094660561495411827611281252503453042675272040015313,Yes,0.0,False,0.0,0.0,True,True
256,0x88f1cd323510b497f2c8c91f1f277d78019085ccb326f3312aa162054ac9196c,54921985547807355225367396212747451395978201818745889478363969149342038556120,Timberwolves,0.0,False,0.0,0.0,True,True
257,0x72c797759025008d86ea7832bde9a880231b5f26b2e337580bf4fac75375a94f,22879355359466154713923471127989210853688866110947180657971800485706233698654,Yes,0.0,False,0.0,0.0,True,True
258,0xd425eb1d83aef0500596c46254b199a4fa44247da2d61b0a359f81c6e8211e4f,114371001821164164902646439685427759853981924302906124203753724550487055672889,Yes,0.0004,False,0.0,0.0,True,True
259,0x809e64b01386f5ab99a60ceaca350743dab6f06258b4344ff34c30fb118cb70d,73983967602180400743409852189939588622774630829264655927036111986170880178444,Packers,1.0,False,0.0,0.0,True,True
260,0x0c62dd0797038c64178595dcb38037f132ec6204337f98683e35928da9cdfbc9,69245667679004603163191885620164871662356486091264022006544027126275537989867,Mavericks,0.0,False,0.0,0.0,True,True
261,0xa78eebacfd952673a3dc8c93e90a3bc8fd59e0e91d29d60da66c6f52ca06ab9d,103487186009722599113861890289540178961896603711342335757129370746707388969271,Yes,0.0207,False,0.0,0.0,True,True
262,0x5e5172329111b4ee0c810f2c96f30a5967e9dd283ed8a4f27fff5056246b2141,17752522915577482349025945129073295837556020015757852272359508749964008429604,Steelers,1.0,False,0.0,0.0,True,True
263,0x6b49e48e37f60301f89ae8c969f733a4acf6ddd0472319b90e9ff7d24126df77,20350797769976818862150685681410997947318138396123863426604725654758915287705,Magic,1.0,True,0.0,0.0,True,True
264,0xa434a4dc344e31e61b574bab9fe26fd98e31df385a350d9979ebc995b2f24396,21165981425700189928241704556676910025612309708934711559745460277177902985325,Makhachev,0.777,False,0.0,0.0,True,True
265,0x76cd905d8b0ba716d1960387277b8f5a763cb6809858505fb3799233681e7ebc,358898203035083957660672685440818943730885729293318679400652832114943589408,Raptors,1.0,True,0.0,0.0,True,True
266,0xacd5c84725d0e6ea5a6c2483763e272a2154ec565131cbb761e4eb83560ff184,13589447973185202405847264611512032254825699962564105524290292130566663670063,Cowboys,0.0,False,0.0,0.0,True,True
267,0x793a782e78ea4826b7a567180902594f5c37d760fbe94bc8334144d6aa2a4470,91998264362523808800846793060253225784666160861639484740081377061356846572310,Yes,0.0,False,0.0,0.0,True,True
268,0x8e30ee6bbe58b94fbdab3eee184f3f3c7be1d017c3694c84b6bb0c2f822f3f77,90773025804727515061192574369130430127570172639567279290514043844242011398450,Lakers,0.0,False,0.0,0.0,True,True
269,0xe1569709ff06d783423cb55da2934a003faaad1b95438cbc7b882b156463bb03,65198362755799349988725589735601806265024689107358006824222388579552615226514,Lakers,0.0,False,0.0,0.0,True,True
270,0xee94ffe287881854e884411c9dc48688ed8c722315afc725de9fc854b0bbc2ac,82427274905568832382083351603438182611444995853176760246997830431171204014626,Yes,1.0,False,0.0,0.0,True,True
271,0x29cc7d4abdcee385d87870bb5d9d947e8538d536826b61fd9b855649e17383c4,5912606346218968837245417972880940271599125135436370448270047998773079194443,Yes,0.0,False,0.0,0.0,True,True
272,0x9ea3c48e891229bd7551724e4961972eead76ea5dea8ed211690e2e8e0fd8ec4,75088336899951967874943793231593987139003460633994679100972532839600957915831,Yes,0.0,False,0.0,0.0,True,True
273,0x10f348d6ad73199a1efe44575c968d8b5607efdafed160063f55c44323a6447f,69780454012463187823535820084522830812885656025605618935844468793563244422936,Yes,0.0,False,0.0,0.0,True,True
274,0x3f969c5f52a01224b1d7903952f90f3ca453d15b919ee16dbdb86eb297cb8d89,43617473640893650094000330805196154954357249323611881955755046373215631562348,Fritz,0.0,False,0.0,0.0,True,True
275,0xb03b50581d3ed24f8d40c3bc3ca235fc82ba86eaafc2aed2a9fb85a47402a96c,106442146417353994549341768954662846308837575744382260069699165928041680837679,Yes,0.0,False,0.0,0.0,True,True
276,0x5eb98990f95a673bd6a438c47d8f5bd835a255b87b42a88123fa92c653859c3b,18085453502961937279853269962073107148504617320486877246539194898523412634575,Twins,0.0,False,0.0,0.0,True,True
277,0xacd1a3f77fcec8c019e927d9b74ab18b5143bc30eea42204671622df0362c683,104905074307445354518472764576583511270810847481505165859393998997916109105147,Yes,0.0002,False,0.0,0.0,True,True
278,0xdeac70108b3fbdaf75961452cb505308a1f87e93e1e1c63e657739b7703c5619,94379110933151465346452554252783702501854403722034183361478772150876526799420,Yes,0.0003,False,0.0,0.0,True,True
279,0xde07e1ba5613a883e35039c531cad13e5bb2bbf5e58a54837076ff5cd9d3ac34,67406210948766503207063950355590696565885656557442353249681261396505707710411,Team Giannis,0.9996,False,0.0,0.0,True,True
280,0xf22e70d21dcb4cde82689e36d54929eb71226233f1629416d992c1ff11267cba,86563161976475054251889537722362846738940180347141989043067370204144535195437,Yes,0.0,False,0.0,0.0,True,True
281,0x265fb70abf8aba53a23bceb551a5701e189f284505e0e5671c3b4ddf71651a34,65338228178852199823754371247740656522799499632123919414222267674862620974390,Grizzlies,0.0,False,0.0,0.0,True,True
282,0xe97e5c12774c0fe788da618bf97902c922dce02651c2723e9e8703549b40173a,17248175504267147961315626389401172451181243451792130369621626438730076342921,Warriors,0.0,False,0.0,0.0,True,True
283,0xe7f4fdce2911156a3b5e534d85a209e6a3932751b61a4b7c9feb07b57ca3ade5,92173133480183276343568124396098201677510217325974141271090482130444773311445,Yes,0.0,False,0.0,0.0,True,True
284,0x8d03ffacb39e355413dfbed8c8888a28a26f2305f04edfde521d95fa9bd3cc2d,46967172738902909641601404906246691839081964942588780959343564654102695926147,Timberwolves,0.0002,False,0.0,0.0,True,True
285,0x4f48d4b9ae5a53224cfd48c1b566648c7e4621161db15f0270e553467e34f17c,18000258843307800682104596367852288040192823446710235325931975831434259104709,76ers,0.4115,False,0.0,0.0,True,True
286,0xacfc27ee95d80919e09e7f6e545ea8d009ac3eb99ff28130189460412bffd638,22680747681101003433675014695822782889341310921750106887889792811461667492393,Rodriguez,1.0,True,0.0,0.0,True,True
287,,,,0.0,False,0.0,0.0,False,False
288,0xf6c10171a01fc72f50555ebd21a56434be30dd4b7d05f35ea2a0b44930f2102f,24206571990462372210107193469674000179074033584241821402376409731444073925638,Yes,0.0,False,0.0,0.0,False,True
289,0xa9cf5313e10ce87be900934970fdc0a0c26f4ab12671eb1bbed12ba88120f71d,28138408415760624400519509867904324806200671314808027842532314150683687796821,Yes,0.9998,False,0.0,0.0,True,True
290,0x15c0504f370a50cfb0524441563096393198b8959d760c0347949e689a655576,8324329575596800618842953068948484663467206098101353336934688506350052362726,Dodgers,0.0,False,0.0,0.0,True,True
291,0xc50c53224dc32d12ea75c45560784dbc55cd350a5aeb3f2c85375bd1cf0079dc,28193772404670945468997115627795002829543960790670693434430525752514649502558,Bengals,0.0,False,0.0,0.0,True,True
292,0x760145896243fbcce0bcd4cc9c7e27fbe970af76378a4dc5d969fb1cffb78787,14273147053710122319178671298883072253166349742537141751032180151500293797266,Giants,0.0,False,0.0,0.0,True,True
293,0xbe25fae27c2a6d94a11f5b69ac351dfc05787db892bdcc1f1dc08162d357fe67,62848908339383036242910867260194598978422530084459039188661578647919537781916,Pacers,0.0,False,0.0,0.0,True,True
294,0xa14e495586d67eeee273bad2af303c38cdaf8581a0a9c98b33b67c797bd06f75,112222773434070367382250115062386391941941551217441584130926593217051322018057,Cowboys,1.0,False,0.0,0.0,True,True
295,0x951cc014c30d4d9f18f4738905e44c8613356379da583fb76e08b60855037a03,7485789793420109554433747368362501384889372782243986779008355377936022316153,Yes,0.0,False,0.0,0.0,True,True
296,0xd1107321e2debac95ae3ae3e09c8bbce929fdc269ff098a203c749ff5f27f8eb,19354132309089985396553722299259971391037966743953543983825886388600915230406,Pistons,0.0,False,0.0,0.0,True,True
297,0xa4cb8fe1d2b5ecec1603c20ddc53a9e6604d1359838dda9e2beb11c72c7b1f4a,87540062983216276304717058129038129958322567287721887398416420383417618008418,Pelicans,0.0,False,0.0,0.0,True,True
298,0xd36ce638190eccb2a47b77ed60467a6029c1d47ae8f88ce6d1e1e64f0402db8e,6282342527930463618398171202441451900849438444134129531308455661169637581263,Yes,0.9993,False,0.0,0.0,True,True
299,0x22a1c2d38af7ccd09808fd23913e78a865b2d14ca4ae5d94e5c5e6a347d0105b,25353342679962363854880215352090389285267650473976980579961913684505048237757,Yes,0.0012,False,0.0,0.0,True,True
300,0x557051063747cbc5b98b058050f98df8e9b1b32d71470c67eaec8fc5541c70bd,61574320304197252979129732652432545090714667830003694449642786612458038212887,Yes,1.0,True,0.0,0.0,True,True
301,0xd620c8a06a943d11b0a03946dae0d190d7058e3f7bf5f8c8b275d05a0d25f341,23913276169590480164558408901328952634190220885660662790943003284253847255895,Yes,0.0,False,0.0,0.0,True,True
302,0x1444aa19610940c750a2fb4ac6c26bccbc0080a8b2f93e715b69d443e0cc7b18,57497473000369437350798096518722555583048163398825407567074259414631615679672,Portugal,0.0,False,0.0,0.0,True,True
303,0xd37b9ae1a5b5030b6f7e3c3d981abba66eadc898d6c9c42692dc3c45de7d7c91,83717573611737782268114384707092617978100370175588710774585301959210907481059,Yes,1.0,True,0.0,0.0,True,True
304,0x9a7209897461d86a93aec03b1f731c338b43ef3a8306f2b8a2b1f295e04f193f,88428790652179549254360942452373754154366610521579076074527134990518309232472,Vikings,0.0,False,0.0,0.0,True,True
305,0x4e1b83b6aa366723a3ca31c653d42a4ae4c9d5d062ab689eb9ab5d02ad88e2e6,75773718063122655830620880758526177094928179450730059391006881020086775944115,Jazz,0.0,False,0.0,0.0,True,True
306,0x768654e0d1131d86905fa275e7c1c3d9e5fe5857c54a8123430223c3d7a0f246,17789160188928142642629796043261340913272832169589484174326400621524263431781,Nuggets,0.0,False,0.0,0.0,True,True
307,0x26ee82bee2493a302d21283cb578f7e2fff2dd15743854f53034d12420863b55,11015470973684177829729219287262166995141465048508201953575582100565462316088,Democratic,0.0,False,200.0,1.5,True,True
308,0x13af4cfe359902f39d876985196a3f3e60d50185f6c131f06a3285d65684b1b2,33670316879653841580804129556306383590119234802655266011677977639980791823138,Thunder,0.0,False,0.0,0.0,True,True
309,0x8c3971d38dcd1b5c6647251885b021929877b428b540d25528c2b4b2d224c3cc,97783139408550714424760011577648344122382616412686060988079312438023527102599,Yes,0.0,False,0.0,0.0,True,True
310,0x86f1971cee2ee42e28eabfa2fbb4a6d3d281485946c80ae54089b35554e39513,21551124262441498148606239068210176217765557376164622663370628375757685409208,Warriors,1.0,True,0.0,0.0,True,True
311,0xb05e7b55ac377e52a1e747e2da419c56654de8531b28111f9d81ace4cb9df391,33499095174186646193975386388219995375836830660824271389211031761096030542930,Thunder,0.9998,False,0.0,0.0,True,True
312,0x7a1fe597ac9644de6b97eeee238ba2b6439f091ff1dc172f9858c20904ff923f,56331120378768085083807049568748918263528811106383757925339269209247241825845,Argentina,0.9999,False,0.0,0.0,True,True
313,0x66608f87304fcab9e5bfd2524919d76db781566e8c39cded67679a6a95f3da45,51168558780782131616508746430921011654067840135765637902628924774865960476119,Nets,0.0,False,0.0,0.0,True,True
314,0xddac406b76b46d7998a797fa984c7c7b04812db75b89ecfc49e2fd0d6b9b8a93,45684115051063786369424575671570278148366024330058665274769842376099284186094,Yes,1.0,True,0.0,0.0,True,True
315,0x5cda676ef498e85729540faa381f187f5f5e3455241ebcd5a2090016adbaf432,59865237660818163108037545525561618306176656484535251530448385938502223243352,Magic,1.0,True,0.0,0.0,True,True
316,0xdece0a6eda3a1272aa88324e927f956903e28ea1b66f8dccbe9561e09356493a,84711692666157930354893513911636014441723699818914499644583135188054036099098,Yes,0.0,False,0.0,0.0,True,True
317,0x23b56720dacd8c59907beba9b3a5e6a1db04903a9d4168c25c6c7c200e99bcb5,98089748666902318786131465316273495220333022783079327633266970324043360352837,Guardians,0.0,False,0.0,0.0,True,True
318,0x71d85740774732023eccd496a5c2b08cfcbb8db909c8967733af16530323c6f1,92205891811141816947263943777170864943220832437298631740126446938616903351768,Swiatek,0.9543,False,0.0,0.0,True,True
319,0xc0e4863d7210ca63374ffe3305502d4d21c32a53fa33961c67bcb53d63e1cc79,80368669991527076972511430896954203683742063557117012671569245342959645279566,Yes,1.0,False,0.0,0.0,True,True
320,0x4438202b145817f30fa3ee9ac5ab73a6160ec04ec5918bd843775f3b65b3cb47,90421200627469287880519613061929208554581143025038571108604080630495097434908,Yes,1.0,False,0.0,0.0,True,True
321,0x9800dd735f87501eaa372c8a7ab5b213a67e7eb27d9e2212a02abce67969685e,29930379109459486354683534920039356749508872949868493088411088788445020212318,Lakers,0.0,False,0.0,0.0,True,True
322,0xaa015c3f1c98c803d9146c45d4d61210e39d527f54ac669f075220fe9241fe9b,6094112818718884960800538219134526253224718425944801018294031889982745761739,Yes,0.0,False,0.0,0.0,True,True
323,0xfbca98652aa9e99fe355d0b75f9c4a751738545f842e81be1712b344ed17bdb2,97774792635029590413506702671098895697988824833231607334503188498713515226310,Clippers,0.0,False,0.0,0.0,True,True
324,0x9420efd74abc9c507487b411f3fcf0fcad6122757fbe2b26908919bb11585cb6,94902589775014439849762702665199610280704168297208686224141572755250589451330,Yes,0.9998,False,0.0,0.0,True,True
325,0x3174a547b0d668f7729db296b18642af4a9055d204df93e506b1cf9af965abd0,18616611613438439309778206472540267523253592703336306386879813818534332105019,Mavericks,0.0,False,0.0,0.0,True,True
326,0xf6024bc223ad8abf050aace07fd3a69328f1bba63c3ffc98062d2420a2030a1e,14407587149607649930148663675171068494265586931331224774282394443605115689380,Yes,1.0,False,0.0,0.0,True,True
327,0x5afb48af961d4416471f591953e37c49eb10f65ed3252f8315430f8db0a2a7d7,75734596084576657310879559266167715895664011851389511913445080684188413655604,Vikings,0.0,False,0.0,0.0,True,True
328,0x86d86a245bb6acf0ab887c075769512502650f3e34ab8f89029fc898bce00eac,5499991827525556233145097353656958003478172100076855499690089734554622522108,Mavericks,0.0,False,0.0,0.0,True,True
329,0xc043d8c9e91791315f50f9925dc8c67230fd7f33cfc8897dc8542663f29d468d,25951094381952728711245834652470401063076059936267282468795304187467248874749,Yes,0.0,False,0.0,0.0,True,True
330,0x849de87ebcca7811a75bcfc617124dbc2438d346c0f438523a852e9bcefaafb6,21153204785249857071710007496156397791004604205520928770900021908566407295939,Bucks,0.9721,False,0.0,0.0,True,True
331,0xa96ad84f6395a9b0f6c1427c7ff44f04eb753f6f9dd628bf7e8425cfc029db65,56301177695434168372751079687103831993955954471327915942632239285498914647710,Yes,0.0009,False,0.0,0.0,True,True
332,0x8f774d32432fefa18831b150c182f22122ecabc256c3bc72f06352cbeefb07b3,21554871822219807483820952308382776687013876886529098794434410580423906791988,Yes,0.0,False,0.0,0.0,True,True
333,0xcb5611a475b3897eae0173ec83591d34e03fa1cd68a771cd81e22720f4e746fd,404020355725091571607043479593901942403972741687162679862727310193771064310,Yes,0.0,False,0.0,0.0,True,True
334,0xf23635826dbe6cc454ea8b5d7c75c2f77eeebea4c217f7d4602758cfaa955bfe,52739822671062772072253904329219384754993624672594293914617072049377324637431,Knicks,0.0,False,0.0,0.0,True,True
335,0x5b75726b3872d3202e49183d49d33669fd711505aafaf2a543cab27d5d5830b3,97772904290862634237122847951193156037702890354239591007201434769652498913971,Yes,1.0,False,0.0,0.0,True,True
336,0x0090d6932ab624b1f2013b1aa5dff269f9442d27ad866f99dd6c7a94b12592e2,63079620610225820161828104799872888397576069836554180213438511974804857759164,Yes,0.998,False,0.0,0.0,True,True
337,0xeecf0145ad31dfdc296661c1718eada65a0cad5643bc2f0260464647d9da28bb,21230250508169763333682354072882568202959782824461188172869239437698320763765,Wizards,0.0,False,0.0,0.0,True,True
338,0x86a95921efba50773e078f7b935e0ce94b6bfb35f42fcab86ff63ff226d9237f,39601455758369911966590594998421737282855690498160527804252361420579184284299,Dolphins,0.0,False,0.0,0.0,True,True
339,0x58075227a3ccf41a1cd390f6bc4895c80101a1172e0836e61776c7e97ce847d8,28851616888339703913579050774438045171530999645080218967291806465359923288094,Yes,0.5,False,0.0,0.0,False,False
340,0xc7046594f87bb3414f5da233673566429bb4f06f79282f1943c9e6e15d3ad426,12808051647042216006214525807229226013645041647388113814495725080825843165334,Yes,0.0001,False,0.0,0.0,True,True
341,0x7b250cd9b696b55cdae7a342e59a136fd5867b4f29709d2836d4f77b2540c2fe,14680853027967268418295674471303326801063165846815021651671471191137682435466,Yes,0.0,False,0.0,0.0,True,True
342,0x41518b4c6cb26d9b95d5f5c791e52ceda562622f8e81e85d1f78c1d69aec2380,12632053805908658703586568024693626368375649264194671365717144491208139007270,Yes,0.0007,False,0.0,0.0,True,True
343,0xfe47e323bf0a784cfa7b7c16305c10b714e09422b0934d3996a6ad1df32f55b5,61282661743302166472482168683435724068109565094237586444139646837369522937664,Hawks,0.71,False,0.0,0.0,True,True
344,0x6cc240c12f0b4617369408b9f39e134293f16c840b82fc462d9824be11b17f53,104103238578434785619086187508392173964597657435509224302961138553685952244568,Yes,0.0005,False,0.0,0.0,True,True
345,0xa625a0e7f5b1962e5560a3f13c23e57d93f688395b387bf850458431b7837b72,24819622517231346416077582195557481196296668085813709347285400436697909621145,Yes,0.0034,False,0.0,0.0,True,True
346,0x65805e37d6c891808a44064013a0c80babf87010fe6e69204b17381fd0761fdd,15401993229934745297596131820442774063382865794132379780080338388221558196324,Yes,0.0,False,0.0,0.0,True,True
347,0x355afb707881a51e88b77b8fc8c5d878260f5734242d29e8be5b328a0638b1fc,99124792081254124670217595190358653214628527409352895144150564716116417892314,Pistons,0.0,False,0.0,0.0,True,True
348,0xa51a381c65e088ae2f728db99dac77e8ba1776db61e6987b8ce2c674467ef9e9,55814599874320644144321160367177815340071242044521775046542052682674701530486,Heat,0.0,False,0.0,0.0,True,True
349,0x6c08b9bf394aa80e07a82411bb9fd77395c89c13015d064a9564cdbd4e805d5a,331310305514305960213573995339509492166197897760519004628792930754838454131,Celtics,0.0,False,0.0,0.0,True,True
350,0xe6fac90ae4250a40225dacd6376c2771e653d3bc339e7ce9d9c8861ee2971659,108494431042699709497211901192330239021361619773111489433580209866941794165283,Padres,0.0,False,0.0,0.0,True,True
351,,,,0.0,False,0.0,0.0,False,False
352,,,,0.0,False,0.0,0.0,False,False
353,0x71880ec794d973b49bcbf30da04e6a8fb7270bb8d7522edb20b1da266b500f74,49192178956584641350093045924128778075304460746214867852455607737256770319849,Yes,1.0,True,0.0,0.0,True,True
354,0x743a22420daf4349ba4a6b9b4de5cac2a683d8fc5177c4008b0be97a2d3520a7,96413297730833920075628134982081825948991536302508960478408973029816226357393,Kings,1.0,True,0.0,0.0,True,True
355,0x4b466c6cb167dd6c2b3ea9f59d5e800d718345a1fb279f7700b6865bc42b6df9,65660568982274900204811472469583163308403611143156524041637810017985702988813,Yes,1.0,False,0.0,0.0,True,True
356,0xa503abaac644c1fc04441d55b405cb0fd10db611c3fb6e1ab2e01a50822c8bc4,112189579374182636599630047423024365972659064002496085561071722504237621226785,Yes,1.0,False,0.0,0.0,True,True
357,0x13552753ca8e962d523731b854c945a3cd32a643d5934cb84878fabaedf7aaad,30293991442705676108737287254335206825847640310997961034588100818706927116283,Yes,0.0,False,0.0,0.0,True,True
358,0x0c74513ab61479c191f59762a22c878a13f2c98959bac858260ef708d133c649,62622436664750208568888566798553718938782739615670770257415971023909564156192,Yes,0.0,False,0.0,0.0,True,True
359,0x19dc17f2115b81004e0b933abc2a5165aeb511c64ff41cea5307025a10314cf3,115479680354622092760452080874619300478602339206927949201977301575319582636134,Rockets,0.0,False,0.0,0.0,True,True
360,0xbc0e0ac0e08e5faaea045052ab9d6f2b066deaa67a67f9873f79df1c5e34f183,71941673890084846899549518189945596246344985457273268244762954938731289067111,Yes,0.9999,False,0.0,0.0,True,True
361,0xb93cf342f0621d730e8f050d5e1ad57b393bab10f400d768a9d679ad5798801b,93698846720078940128137693465593162027039741573075854567661603521940366446226,Suns,0.9999,False,0.0,0.0,True,True
362,0x6b81931cbd88e164de30979b05c430a93e42fec444192ccf539069e833f161fb,9310877498975184316010070062152736932527198806677563213064740594204634871216,Hornets,0.0,False,0.0,0.0,True,True
363,0x6a3086722b7e5ba3646605202b0a87832e86c9b81ba5c33b2c8c9c3bb9de0def,14161063486251470933308133434107397379172818894705961040603021344261980615054,Yes,0.0,False,0.0,0.0,True,True
364,0x7a920c90c86802eee28bf3e69a8082156157e5103f4cca71125ac927ae02e6fd,33019976789352171723518443772131302457088976749038682219292680207705503663832,Yes,0.0,False,0.0,0.0,True,True
365,0x441c2b1f38dfa12d85a32b8964a090dc58d9dea232e7c4c168e324d7b7a3c73a,36475896639127998728043287084620269013681191810144160766663735138105795184559,Magic,0.9806,False,0.0,0.0,True,True
366,0xd9293ac50cbf1a362aaa66f93ac862ae07a7ce168fc048227b4b4f8f70eceef8,67060684534090708039450396637586338970365486424094203983695614424105248563566,Yes,0.0,False,0.0,0.0,True,True
367,0x763a8bb834c5be996e39df194618b61a77b5d81f1b818b407c7178ab0f8e649f,113849207849605797702453109678730879337510253068082000275392287590806401070635,Soriano,0.0,False,0.0,0.0,True,True
368,0xc06f6a5aab8993800921cc56ce8cd6e2ab5cadd2393038b5ea2d9416eb9d69f8,19757598438830365661430080766752069548925267193232545779097343040090374037614,Yes,1.0,False,0.0,0.0,True,True
369,0x1e1a3ecf6771f0cece8a8f12bf399cea863646b01c9b01374bff9bc6cba645d2,47562297730798254669647378313599061338409110257986962629480189422778604307049,Yes,0.0,False,0.0,0.0,True,True
370,0xef4686cf90515f79322dbc509715d8be8cd6853640d088094971933d69b85baa,25531583919538017607128647597710542927426517567027838332826635220370282415237,Yes,0.0008,False,0.0,0.0,True,True
371,0x1c6ed01028195fc0ffcbb0fb4a0f57132fedb65456376819c104f886cff9b167,6901237497551481925956654462253353961122050621319347404786911219289972170261,Jaguars,0.0,False,0.0,0.0,True,True
372,0xa9f02de583b27741d9ff93d67937e76311a487bbcc7156e37d887f4c637d5641,47284142222790148121852914172046661293162454601550070088522354478236626213970,Yes,1.0,True,0.0,0.0,True,True
373,0xaa64e818bc72656aedfba0164978b12685be2fc6c418180f0a7bf70184a82590,103006209131804812213263824656979525479435509418880230893030693426606396347023,Knicks,0.0,False,0.0,0.0,True,True
374,,,,0.0,False,0.0,0.0,False,False
375,0x57fe13b0c0661167f7f11b43f94d4ddd2b930b023cdb468c08213adfd69de157,108096701286330860804901524193636035208726528444748554460445553080851164683964,Yes,0.0,False,0.0,0.0,True,True
376,0x3990f55503d1f1b9c94153327210b8b8eec101006c47a0c1f754af80d813f128,26123139076199609978522847027495726840275308007885498317455055187418797035383,Yes,0.9993,False,0.0,0.0,True,True
377,0x16c44516f8c5a98fcdbc9f879e3c866c497a335ab27d1f9a88d689a51b1879b7,84070757257713730031033253960453244615086428658165773426322094004963227443428,Giants,0.0,False,0.0,0.0,True,True
378,0x342141643bb007598cab4885949d67d1049bd576be624f4cb20768b47ce5e801,100793260302754277455482506502115098525147841594678887011504730912309705621832,Mavericks,1.0,True,0.0,0.0,True,True
379,0xbeb38c70f0e709f013672187d51d0006ab159b4f1078f62e5e84e81e72060a20,81917647138648889423380098645416767746347399536310691060787439255396068499717,Yes,1.0,True,0.0,0.0,True,True
380,,,,0.0,False,0.0,0.0,False,False
381,0xc763341867a560c7a36dffb0d5d3680323910fdeecd14a71ae1474bb34c90c0e,19487750836225643458019367764540893320162859688792345899789501026702130854210,Jazz,1.0,False,0.0,0.0,True,True
382,0xbff3167f6d65855bcda209b3f3f84c90a626fd0dede7c333596ad372fa1a71b6,30073933990617983573418239719979143638996660829400527274570399147783731421699,Yes,0.0,False,0.0,0.0,True,True
383,0xd756bcb0e45767150787bb3ff9020660e7ab8791d5635c2f8295dd0cc7c67047,66666727434776890725355693524816621298875367777571775156915164890684095370311,Yes,0.0,False,0.0,0.0,True,True
384,,,,0.0,False,0.0,0.0,False,False
385,0x259afcd1f7def5aff0b4229ac0bd1832a663272b0757eeea4e69cca8f781268e,93788740940623391423478148065664600053573897668120993518391650622682209179564,Eagles,0.0009,False,0.0,0.0,True,True
386,0x05e00f2be01c1a16678a1ef1b7a79dd42579055c4d5c1a92d746ce95edf69a18,14846493816805855398218168344852230711921033086308263524516843508337026152239,Yes,1.0,False,0.0,0.0,True,True
387,0x9e60c432648859520a987648fe23b662cd7537ae76c459cfe9288ef4ca8f883e,28688245426751592288384385635086581787615257322692979021607852341251324337181,Yes,0.0001,False,0.0,0.0,True,True
388,0x4279448e4182d54860c52b2ccb3f908c23d8524cb946d8cb55a46678e6937075,18713421079181999612167315609922082035930280773422652131617717756524777433455,Yes,0.0,False,0.0,0.0,True,True
389,0xf12d3e7a87e218e66d1442e2d5bc7a914845795c954ae76fbd2fd7303cc3b7df,5615947562037222207759514440869988807185681615507353164574227709928462235101,Yes,0.0,False,0.0,0.0,True,True
390,0x6ee5fe3832a37cfb191d7570cf66e577f8631850d473a8bdada39db35fc2181b,94978800880567819485903293580583481320141779651102843705466765679979580772968,Yes,0.0001,False,0.0,0.0,True,True
391,0x77d10d87c7cbe2f4df4705f51880b7ed71fa2778792679290e3cda7a1d9ada07,14275762593227889655468694635600162816858355230314596757706203772408409537200,Celtics,0.0003,False,0.0,0.0,True,True
392,0x6c68735b867eeecc62cc8c4377e04aad2262103b8f417e56a5845b5c99f7bbe2,75736178412184972324101674697486804669305610201329778641528205022736742496525,Hawks,0.0,False,0.0,0.0,True,True
393,0x453a50a71f850d6d4f02d35757d50dae8dc112f94d083b6eadb8dd5a5da1f7fb,49734386941763802512453235482908993599741380808457377342977813462414246608766,Lions,1.0,False,0.0,0.0,True,True
394,0x7a5adffd2afdcf6be785b73d8154d04ba5add0bca4d6e1ebcbfd42102ef95677,77646341925561635619829291294569622428913213841694789786418877691584598358437,Yes,0.0,False,0.0,0.0,True,True
395,0x7c1d1403737d4e3649a7071955d84317a603eeb1dc743f1be6ee84398fdbd241,94779600071659756028019228305394207579104570658725475274768216313187424102708,Suns,0.0,False,0.0,0.0,True,True
396,0x571295a4f8ae98333b574becfedd1d6b28f843e5e382e0e075a8f6f1e1462447,67173215191593932136352390980197035130758677933392786652294924565684555326188,Suns,1.0,True,0.0,0.0,True,True
397,0x04de265742e98963a943a63f33c30b33d838a5f9847377a8ccc8382287119c59,102485865029989966351571913210334587183708028445078271606499526484549720881381,Hawks,0.0,False,0.0,0.0,True,True
398,0xf7361757ca9cffea44caa5a15518acf6a3f6fafaa6f98b5b6acc6c534c73975e,48584505885121604596171740525828685580125369108325738243020324628270686754523,Timberwolves,0.0,False,0.0,0.0,True,True
399,0x383d34d2b59f3581f3e217bd5f8d16904e12bbca65479046a7f0f6d99af2be5b,114444439096511532966723149436707978003648939801344482008524679177862118090057,Yes,0.0,False,0.0,0.0,True,True
400,0x97991ab98c98f93c50fed9dc04e2358d790738e7e43e58c2980f933bd0815707,72445042839537846485647471030764362259256217156495980690589666111245429448123,Spurs,0.0,False,0.0,0.0,True,True
401,0x386750dd12e6803962406465e845dd4ab2e910725a3a35e8fb74bb75032481ae,26762056040273498834393797118087671500832196045655067026725010169120769446206,Boston Red Sox,0.0,False,0.0,0.0,True,True
402,0xdeeed8e593b23c853cd1bc1c85259b9535f32734d2a73f4f7d5e487faaa4eed1,41909194383884489857051533149267887932706513238474711698327450766299364965897,Yes,1.0,True,0.0,0.0,True,True
403,0x37057a8a76f0d8ddbdbaa017c01ac72d6f6581babc70ad8e918e2af5889c2529,80941347794200283825993654914466556523689050648440828768469280841338320719534,Spurs,0.0,False,0.0,0.0,True,True
404,0xd431624aba0aee48ec0d1a741a6e196d371b8e00c53d74dd38bc7e81e71786af,47139679549206959067766971927165132811965634461694639741879860806656445981483,Rockets,0.0,False,0.0,0.0,True,True
405,0x593f42d2aae1e83361f1b81a9269d1e60859e8a0a0580d2bb9dbbf1960658a43,18430245575616827267765434871753108104855137672576110689434638615017773639606,Bulls,0.0,False,0.0,0.0,True,True
406,0x7e6488eadc8fc58186091fc8db7cd7946dbe15f70f3607f7f197f3e74901f908,54663117294022528385601661991520131323669248856526706218963217967937304019396,Yes,0.0,False,0.0,0.0,True,True
407,0x1abcad867bb2c3f321c1b907405242276c67558326df864bfc1caaaa4889efd9,28472083619533182392895787090532343922940539578448216237750933188539362018755,Pistons,0.1196,False,0.0,0.0,True,True
408,0x33f43f61d0fc3c94b551db3d2e2e1bc44e6a45bb529150436471d22ef2bd9357,107989215663244989258785272834341358148049112269628412368585328834152877988281,Yes,0.0001,False,0.0,0.0,True,True
409,,,,0.0,False,0.0,0.0,False,False
410,0x177cda40ffe00e6d89c1af8c2cc280581361a4350ac8766d16eaebf8c02167ad,55438570117295462128623445714506670634001994137643275679764526422660520980974,Braves,0.0,False,0.0,0.0,True,True
411,0x0c7ba72e42ef557d870af9c447440c0a5d32391c288d7eb3b0e0a5b37be9b608,22170479559895620198378266304200015846734515789283845242230010849093738578125,Yes,0.0,False,0.0,0.0,True,True
412,0xbef6c7852fc34994519130ff070fd2d5076190d289ed4a39e0ab292771827575,55544206602594048554293358824765408136952900951415753747854319852183338236890,Yes,0.0008,False,0.0,0.0,True,True
413,0xee36ec69318aee06a6cc5d1287c5bbbd8b533926ae4b284623114d5071fdd717,102640916187022704133939093501107281254787317798470969227118600241082315279333,Djokovic,1.0,False,0.0,0.0,True,True
414,0xe759494f3013f6ffbe8e651757234d425c31240659be554bba843df376f22fcc,25574996692625193240512689361369249922835973438237204632360737589292148162738,Run,0.9991,False,0.0,0.0,True,True
415,0xb4b0987ae586d6d9da55cefdb46bbda68b527a47ef3c1fd4aacfd55cbd26c97c,82652472256733092152894012429076195963170995200353413986994326093811776254395,Timberwolves,1.0,True,0.0,0.0,True,True
416,0xf1cd6cd924b89e07ddc2327e76306190c12c2b0d182a4d6642a0977f3fbf7ed8,115517063311194628834271365305401761445151808183173547943610402226854868632357,Yes,1.0,False,0.0,0.0,True,True
417,0x0efcd5dd54ba77c43d4017474c6f36873336e142d508cd65ef74c68267815aad,32691275563493322989092697780482646077015951858463038171689116823264757208765,Djokovic,0.81,False,0.0,0.0,True,True
418,0x88dd8f8829a7efdb458e8b551fa332d466898f01b3ed26b02727a070303f3a4b,23297970555312850813091213675610498196691708563627225415425080042702356612772,Yes,0.0067,False,0.0,0.0,True,True
419,0x7df8f4c7524fd0f985cb1472686766889d169a66867121d6182d904c544e2355,115716676942950187435443549473989210938047031932715129896386605934200312654222,Nets,0.0,False,0.0,0.0,True,True
420,0xcbe2211244525dd6245c1a7875132215e3c5a1e9e8a1013d996c2dae769b62b8,106510692201476350018868230541630661022400888634955872483918697719512406430179,Yes,0.0,False,0.0,0.0,True,True
421,0x6f9be672b5a09f8d9bc260f7e6a2f7f99acc04a9f25c43bf6fc392b303ac7ab3,108348439747067960900216315042181975503043128418324899121066436021992470496785,Yes,0.0,False,0.0,0.0,True,True
422,0x8416006eded5102881349c5ab1e15d81de7496527915db59cc76a8df7f271d69,20297601973574352236858165315609558710267507989674725146519713359591393106624,Celtics,1.0,False,0.0,0.0,True,True
423,0x9004c4257afadece16ba9a55ca6eb54ac368edc4653e1456a81e32e631f3c0bf,52160133223908332782096543478459323168615526835744707628370637160473024065995,Yes,0.0,False,0.0,0.0,True,True
424,0x674a0ec759b97b3e8430c602e73382189d994aeb63e7826ed2a2c23f10e0263c,111427177250008094499940693098161246640167442638160747802817814543791072242249,Yes,0.0024,False,0.0,0.0,True,True
425,0x4c4cb1312877d777eee229ee9d5003a0482c93c4ca28ca85ecba44d9cf1b0c7b,30760075998852712443576380055149289984071129340477911439751327316132110761950,Warriors,0.021,False,0.0,0.0,True,True
426,0xb62bd4dfc19d30b1f4b6610001232a4f2bf3242de3bcdc37ac982b625dcad7de,60193719572540979232953359805150876110595103099587082822572761696517191154359,Yes,0.0,False,0.0,0.0,True,True
427,0x58227dffac254afb3dabfa297b3cd84a779ae1d5253ac2926a668b37b269abed,39814060964578704651534021320845383309268018715561985690066855726473252364948,Yes,0.0,False,0.0,0.0,True,True
428,0x497822fe101391c6b8453cfc0ab1baf8d2b3dd24e65919426257d6be1b3d5c34,66601164450299462797888171182257394413204050345458306743790294475971490621730,Ravens,0.0,False,0.0,0.0,True,True
429,0x26aaa996aca5a49dc6f953345dc040c307cc3193fd266233a552b4cb656e7b68,59934972241418523019355520979088080559003011200583101152766472774176644156025,Raptors,0.0,False,0.0,0.0,True,True
430,0xf0bba7de36096bc1aa410653b66ad6ff30ca0409454bebb055b09f3c3915a86c,36493711549671937246658436730998354303063613774443106674094485546314560542305,Yes,0.0,False,0.0,0.0,True,True
431,0xbe7a0cd00b85efe732537da86f9b2eb9af8b4b0c3d2a960f8a462d0bfbc93577,79973731473899112830576303097118808894476677561422459395313039900794283741989,Yes,0.0002,False,0.0,0.0,True,True
432,0x754b8ba5ebb9fc680f54d68fd090a97b1338ce40dc9352a1418b850cd39d2826,47659518503564745345106406946730196938211163628772753580574480211108967529451,49ers,0.0,False,0.0,0.0,True,True
433,0xc9bd900c0dd6d792739416cb3a5099994718c368ccf2cd6281a2b52ae702c157,64103686487620830608964317629849208736794902331097692121022499837797712582640,Wizards,0.0374,False,0.0,0.0,True,True
434,,,,0.0,False,0.0,0.0,False,False
435,0x79bd48d8048331c987dc3ca1844cb177784cdb13650c05499018d8613cf57019,77555900340270613861532014810506582793430896265740881436834358510430894519678,Yes,0.0,False,0.0,0.0,True,True
436,,,,0.0,False,0.0,0.0,False,False
437,0x5557f9db4a4c65eedec3590a96b010be9480bc2f7eb6a268265b5bd9cb1cd83a,66422595402509986407527865551965322572567778459424954339418456851295709245829,Yes,1.0,False,0.0,0.0,True,True
438,0x8adac8e898ae5dcbb0badc585dc228c9d52b0e374898318f97fbbba51ff0bc4d,28406420966965980411563426705005334018922603281158835268061789041481698602141,Lakers,0.0,False,0.0,0.0,True,True
439,0x1e4e3fd08a00d9c8bb4edf70ea1c00cb43a87a1d5a2eeb639417a1a382330711,98073537769226386319175656300224398745887796216643347293943858335752654974763,Yes,0.0036,False,0.0,0.0,True,True
440,0xf6143ad3ce7b1f3044a0e20f2d992132f0c7b172c5caf3edd69d53e8b4a6e7b0,55059040236764057853596698997028131932925913975583655858572439429457181618224,Yes,0.5,False,0.0,0.0,False,False
441,0x84dfb8b5cac6356d4ac7bb1da55bb167d0ef65d06afc2546389630098cc467e9,113459643164060403919504712048530019379173768880231414404726414035517357828194,Yes,0.0,False,0.0,0.0,True,True
442,0x8165f5be7fec752a171cc228af9869375118d79bc2d7384df4082d9a89a186f2,89116934557786349134295147780105647207865760710501966831474721329516520154844,Yes,1.0,True,0.0,0.0,True,True
443,0x826f97dc5541b756a6724ace82691469dece0d07b8dacb7d62c0b5393fb62387,80614591378386216265775246939908351892974900550912465149058983606813256771012,Warriors,0.0,False,0.0,0.0,True,True
444,0x1d25fbae1d03949aa9fa1593704e3b31de03dd7e18f6a77290274f9a2292960c,41307913906495884861913540112011374732686147444244466819889939675508357519800,Jaguars,0.0,False,0.0,0.0,True,True
445,0x4855918b2b8c6a97122c2b5ab67d7a83cef9569b80926b6e4fcb688f558a5e06,14901343434659744813888362951542093074131611344687007904270722375793022249563,Kings,0.0,False,0.0,0.0,True,True
446,0xbd73cfd6c4e70e1b7fefb589a8aa45f7c0014967905d9d552d678ad821b725f2,39867296793484749261759338230672144185138170205560959841840111287958477904395,Yes,0.0,False,0.0,0.0,True,True
447,,,,0.0,False,0.0,0.0,False,False
448,0x1a14f855098ea3bc7642fddbb77780ab57da2defa7278a6ba8a9ef3f2e125750,34065474306862569447771158391959052627856101304422063728946206179560482420452,76ers,0.0,False,0.0,0.0,True,True
449,0x4dc49ea1ddaf826269a5691aa1bb9d69509a0616a266d6c69448664e65169462,103733425057729124746205890891948788956330343109988185796973904151250161115058,Yes,1.0,False,0.0,0.0,True,True
450,0x031182ee7bb83283b23f575feb615845cc96026492c5732bbd053145f24237c8,23524343204745996710492795385834535675756497436523447151139590328737431282666,Yes,0.0,False,0.0,0.0,True,True
451,0xbc68dd73cba3578f562faf3bf02e4d14dbb1ed7ddc54a72aec0d66bcabea9a24,35672268086310040686553460005123477468445898162726856478914515038995180285354,Yes,0.0004,False,0.0,0.0,True,True
452,0x2b0ea54aec4be79483fad4bd53b0159aa0089612e3a2b8d157e9ae8465ef14f5,32856873241347501494714962569220866148059496530116149368490738613713273899586,Yes,0.0,False,0.0,0.0,True,True
453,0x0fbd0991b8cd88bebb6b48441c549d32a1eedb1e5ce47a5730829cec02c0e635,1366352052302302650100212872577964890235822603265554843502820698768162038248,Imavov,0.5,False,0.0,0.0,True,True
454,0x0b57e8c6693d012eb126d94104e5d6343eb41e6bfd4a35fdf5b1a5dff1fd2492,51844959750898173619708004194398063326898274296498046284414828105028827337994,Cowboys,1.0,False,0.0,0.0,True,True
455,0x0c38e3ac34513ae2e8f2465d00a8b88da2107b0d5130bd891afd3ff428a601ba,29972685323527362812341960134832993927222642549267304020967943878957841954909,Eagles,0.9991,False,0.0,0.0,True,True
456,0x5850facc590650beec8dbef3733808e900ec144649053d653806e00c3eb8e81f,34444837887128850044533924410202624353662289010009030475270013713445284316436,Yes,0.0,False,0.0,0.0,True,True
457,0x3e4daff407887d2d7e4a5511b660b7c032b4775ee2b68cb6a91acc06a0075b71,29755535373246091420431494782088020345448169205576425607400318158403311373351,76ers,0.9943,False,0.0,0.0,True,True
458,0x49c2bb91bcb33296f486c92a553c2fca81cfe79f4e9ba00cca68b5ca274e914f,44412827116867851857888342652300469470699695641913209573689466108958588345876,Yes,0.0,False,0.0,0.0,True,True
459,0x94e965d56b7999246bdc4182c04d42b270d01c8538393b9b1ccb19b2e8784a66,70233294180497998681204541714025762333420154361146811691043212985901076958643,Cavaliers,0.0,False,0.0,0.0,True,True
460,0xa6458596451294ece31e285e467cb6caa775f40e7ebefa4a4bab3059e157650b,83284625323746704103547652406919407164951415182496220229704067412482274082461,Magic,0.9998,False,0.0,0.0,True,True
461,0xd3e3df0fcfa4b7738328f15db6442606f51497550efa77a0d92bd4505c3915ce,21658714418420287488163409122061142186992714013093080522640166177901815032876,Even,0.0004,False,0.0,0.0,True,True
462,0xd9bf55423aef6e2cc59bd14c5e30e69dfd33803b498b42aed2c434431029ee92,8229035264596140663221870410307220825030121002499640269251671320839639646773,Cressy,0.0,False,0.0,0.0,True,True
463,0xd82f084f21d995d258cd3a0159de8a9a514791619a7f0a84edb9b82122b7ae9c,3142555848132653906740167022622298265665560130765200797239191561464095384586,Magic,0.0,False,0.0,0.0,True,True
464,0xf931c37bc0d186095d0d06066f9a8372bccd82ccf12361809b631d9ddaeeee04,38804251869393644332585026311743182459680476316307334805847420966747930871016,Blue Jays,0.0,False,0.0,0.0,True,True
465,0x79ca3466ee91a3c956d317a3bef4497df2bf6c972f199346586dd9b2f7c4d996,17222738764074845859771783881239789571915482175329286816705923620634874986621,Yes,0.5,False,0.0,0.0,True,True
466,,,,0.0,False,0.0,0.0,False,False
467,0xc4e0dca050424bec2df1c0eb0d362b0dd8e84c7e0c02e5191dd03c1ad3ebabac,2541166413605195562405024370140328465229857435112797236162225593142819095945,Lakers,0.0,False,0.0,0.0,True,True
468,0xe33a4e67ef4f211d35f0ee01558fe91f2befbfefd185342f676e22b7547021f3,86925547426060562127132501762004204678965963596499896627241203184621126119542,Yes,1.0,True,0.0,0.0,True,True
469,0xaf1f28ba9862507f432989cbf3a46feef83e1ace6f8d155b3c23463bd7d3108a,73322179197525134031432243083409437260919575677607190266753133874269364793156,Yes,1.0,False,0.0,0.0,True,True
470,,,,0.0,False,0.0,0.0,False,False
471,0x6507e330b9094f9893423cab7a8d60dab4cf0e7802d5d887895daf4728b0ff66,111109709167867528746843674041369469053226623209220903940831478122494756466595,Giants,0.0,False,0.0,0.0,True,True
472,0xf821c9224d5e6adb5d55dde474fe7fcb3ab3ecb2cab671b8a4f98125ed6f1636,57109384542575273653213704800087549975868989507032944274236408448264611959555,Eagles,0.4898,False,0.0,0.0,True,True
473,0x5fe346d7a7606c650e2372897944ffde36c914bfbecc29352746f06620fcfeba,4229918278120818208574526823180255710796986558398632519003655017359415255750,Yes,0.0002,False,0.0,0.0,True,True
474,0xf3b7a1ffbb8cf0f8b5c392bc8615e5d7d28781bbc2a2d1630041ed5a4bb2aa73,98282331925505121785872687805280263968688819118250947355244296315799835397380,Yes,0.0,False,0.0,0.0,True,True
475,0x7b0bd416ab10495867544527500207803623a7bb07a3d4167d830e69fec7890b,81605281056159316888560433214529913508103916774210042587330059668423942062765,Yes,0.0,False,0.0,0.0,True,True
476,0x9b27b9a83cedeb8f6fa117d0b5441cf7fcd9b2eb29cd83c26a25ec43521e8917,72217858546596572576254332164037443900431105418306624583280539264304462372037,Raptors,1.0,False,0.0,0.0,True,True
477,0xb08c75808eeaa441b29685b0f30fba3874b4c4daff08747bbeb87fee6f49cf92,20418249395528193802690805363653680152815570994555068696349565358020009181165,Yes,0.0,False,0.0,0.0,True,True
478,0xc68b5f4b8f216b642526f59340dd10a3e72f7fc4f061582c5aadbea671906ca3,38374278491791697742783566758802364186445803186973316204213552433372723062702,Yes,0.0,False,0.0,0.0,True,True
479,0xa8287c322d4cfe704b04c5367662cc884b1c75ee4651fbbf51e7f720ea53bbce,86560778941650730943323417595588844382120095931435082637492728757263098895643,Braves,0.64,False,0.0,0.0,True,True
480,0xb51ccf704ac1fe87750db843ef3982e3dd37e4405c1dc545b49b416e0d64efd7,85616932232674288042346062547007149966268283433490516024559200198439648257677,France,0.9999,False,0.0,0.0,True,True
481,0xc420b0080de735a6d244f694bd8c5331cd48e007aa774f25551f3afc8efb8383,92102504882721078292711727586829784891874603520563569118796610254480436864224,Yes,0.0,False,0.0,0.0,True,True
482,0xa3d8781a3de16ad604801a259583976f0efa7a6c9f27b06f9647c97a4a5a4e7c,75122266654118538208584551794816271569417297509860729830238911906599618486787,Hawks,0.0,False,0.0,0.0,True,True
483,0x02823013ae4e640b31d88eef165a8021ab7b6300ca0adbf975d72dedd626bf0e,31195509212097524605421292025523669499800608021363392222207273729434232900675,Paul,0.0,False,0.0,0.0,True,True
484,0x550a7ebc802cf03064914d8bf5f7cbecd63428a9ed1090bb797147025bb38f7e,98671274031213126968203314006690889022062555720905576791601932835863575651886,Yes,0.999,False,0.0,0.0,True,True
485,0xf22ab1d1058164acf061e4fd7f36afa1dfa7bd652c5006cbd6d70b042d803e10,64012629658464665168634318626152443730146687393673531564676482111598343540749,Hawks,0.0001,False,0.0,0.0,True,True
486,,,,0.0,False,0.0,0.0,False,False
487,0x22c562acc1f1ef95c30a17beb237eb51249c3dc50fda7e255e05078e09e6c4f6,106112851943143956758808521369970887251344895134034433783452320551733729824751,Yes,0.0,False,0.0,0.0,True,True
488,0x85315ee59d6ddb8524e6ec516a930bb674e77050b457161aa716e6c759f57a06,60242541066357527814395533535689659887442103643593511773225001761870886863693,Yes,0.0,False,0.0,0.0,True,True
489,0x55da0a700ea9c429cc44e1013639e2f39085ca46542152113efcc0359e1b173b,70019867331061037302392743164379717255965458313854415101983238383638641781156,Yes,0.0,False,0.0,0.0,True,True
490,0xe0819d554fc4fe577029a4332435a116ad2ca3b0b7e98e4b1e818ee71970ca52,48585363929426378899936973197958868777979215139853089226794030413003027301121,Yes,0.0,False,0.0,0.0,True,True
491,0x30a90d6aece3b50b2e8b47c912a17746378b8a6a0c663b927ea081421e4aa7d8,114310607915618744208636841457971302124915928049783255261965622383023796367118,Yes,0.999,False,0.0,0.0,True,True
492,0x54402fba51fe7fafed972e4da677f6b6069c0657ebc52c36db06abcda959702f,21815668662905852118669820318273458748253973284151070544631479581996644851512,Chargers,0.0,False,0.0,0.0,True,True
493,0x591eec0563dcd596de64765ba46742ada461f8da91f039dcc83841265236a1f2,87394345679057865149616762219211558177070150162008265576347492356262591885806,Yes,0.0,False,0.0,0.0,True,True
494,0x76e79c9c8ae087cae72ad228de23c9cdbe8b60856233925ee6a808434b1e3921,59861330705732192422554448405194660909823547837401419491334073049300548017670,Yes,1.0,True,0.0,0.0,True,True
495,0xf89dc6e4726a8ba15fe96a491ffaf860911dfc85e836ec300780b48101a58f32,10855595221256449217034996606286388759042959214764614838516532618271513505101,Yes,1.0,False,0.0,0.0,True,True
496,0xe72ccc87d52382d893534f061a5a6adf1653ea8c17aa143702119a84a810be33,1045990436189152068423220432870986041184604466981267113710148075294820184459,Yes,0.0002,False,0.0,0.0,True,True
497,0x36a81323d7680332a70072f4c3f80c67213a910903d6b1a4f3ff767d7582d421,45125304471008331376462711815711405166328159007449160535622895711350254020941,Kings,0.9793,False,0.0,0.0,True,True
498,0x42aeaec863c1f663ee24c511eaad8d1dc436faf8243386790efbd6d25e0bc6b7,70993107044369439171171580313719454769622003544537574245655261289473288647519,Yes,0.0,False,0.0,0.0,True,True
499,0xf5875410202b3545491774ab5e712a6e05a0ffe780c52270cc8d70cc95164411,72044801958932376213942522155627434496146777860490700435168293831379994699414,Yes,0.0,False,0.0,0.0,True,True
